,0,1,cluster,SMILES_standardized
0,[H]c1c([H])c(C([H])([H])[H])c([H])c([H])c1-n1c(=NC(=O)N([H])c2c([H])c([H])c(OC([H])([H])C([H])([H])N3C([H])([H])C([H])([H])OC([H])([H])C3([H])[H])c3c([H])c([H])c([H])c([H])c23)c([H])c(C(C([H])([H])[H])(C([H])([H])[H])C([H])([H])[H])n1[H],1,0,Cc1ccc(-n2[nH]c(C(C)(C)C)cc2=NC(=O)Nc2ccc(OCCN3CCOCC3)c3ccccc23)cc1
1,[H]c1nc([H])c(OC([H])([H])c2c([H])c(=NC(=O)N=c3c([H])c(C(C([H])([H])[H])(C([H])([H])[H])C([H])([H])[H])n([H])n3-c3c([H])c([H])c(C([H])([H])[H])c([H])c3[H])n([H])n2[H])c([H])c1[H],2,0,Cc1ccc(-n2[nH]c(C(C)(C)C)cc2=NC(=O)N=c2cc(COc3cccnc3)[nH][nH]2)cc1
2,[H]Oc1c([H])c2c([H])c(N=c3n([H])c([H])c(C(F)(F)F)c(=NC([H])([H])c4c(N(C([H])([H])[H])S(=O)(=O)C([H])([H])[H])nc([H])c([H])c4[H])n3[H])c([H])c([H])c2n1[H],3,0,CN(c1ncccc1CN=c1[nH]c(=Nc2ccc3[nH]c(O)cc3c2)[nH]cc1C(F)(F)F)S(C)(=O)=O
3,[H]c1nc(C(=O)N([H])C([H])([H])[H])c([H])c(Oc2c([H])c([H])c(N([H])C(=O)N([H])c3c([H])c([H])c(Cl)c(C(F)(F)F)c3[H])c([H])c2[H])c1[H],4,0,CNC(=O)c1cc(Oc2ccc(NC(=O)Nc3ccc(Cl)c(C(F)(F)F)c3)cc2)ccn1
4,[H]c1c([H])c(F)c([H])c(N=c2c3c(n([H])n2[H])-c2c([H])c(OC([H])([H])[H])c(OC([H])([H])[H])c([H])c2C3([H])[H])c1[H],5,1,COc1cc2c(cc1OC)-c1[nH][nH]c(=Nc3cccc(F)c3)c1C2
5,[H]c1nc(Oc2c([H])c([H])c(N([H])C(=O)N([H])c3c([H])c([H])c([H])c(C(F)(F)F)c3[H])c(F)c2[H])c2c(n1)c([H])c([H])n2C([H])([H])[H],6,0,Cn1ccc2ncnc(Oc3ccc(NC(=O)Nc4cccc(C(F)(F)F)c4)c(F)c3)c21
6,[H]c1c([H])c([H])c(C2([H])N=c3c([H])nn([H])c3=Nc3c([H])c([H])c(C#N)c([H])c32)c(F)c1[H],7,1,N#Cc1ccc2c(c1)C(c1ccccc1F)N=c1cn[nH]c1=N2
7,[H]c1c([H])c([H])c(C2([H])N=c3c([H])nn([H])c3=Nc3c([H])c([H])c(N([H])[H])c([H])c32)c(Cl)c1[H],8,0,Nc1ccc2c(c1)C(c1ccccc1Cl)N=c1cn[nH]c1=N2
8,[H]c1c([H])c([H])c(C2([H])N=c3c([H])nn([H])c3=Nc3c([H])c([H])c(N([H])C(=O)C([H])([H])[H])c([H])c32)c(Cl)c1[H],9,0,CC(=O)Nc1ccc2c(c1)C(c1ccccc1Cl)N=c1cn[nH]c1=N2
9,[H]c1c([H])c([H])c(C2([H])N=c3c(C([H])([H])[H])nn([H])c3=Nc3c([H])c([H])c([N+](=O)[O-])c([H])c32)c(Cl)c1[H],10,0,Cc1n[nH]c2c1=NC(c1ccccc1Cl)c1cc([N+](=O)[O-])ccc1N=2
10,[H]N=c1nc(-c2c([H])c(C(=O)N([H])[H])c(-c3c([H])c([H])c([H])c([H])c3[H])n2[H])c([H])c([H])n1[H],11,0,N=c1nc(-c2cc(C(N)=O)c(-c3ccccc3)[nH]2)cc[nH]1
11,[H]c1nc2c(-c3c([H])c4c([H])c([H])c(OC([H])([H])[H])c([H])c4n3[H])n([H])nc2c([H])c1[H],12,1,COc1ccc2cc(-c3[nH]nc4cccnc34)[nH]c2c1
12,[H]OC(C([H])([H])[H])(C([H])([H])[H])C([H])([H])C(=O)N([H])C([H])([H])C([H])([H])n1c([H])c([H])c2c1c(=Nc1c([H])c([H])c(Oc3c([H])c([H])c([H])c(C(F)(F)F)c3[H])c(Cl)c1[H])nc([H])n2[H],13,0,CC(C)(O)CC(=O)NCCn1ccc2[nH]cnc(=Nc3ccc(Oc4cccc(C(F)(F)F)c4)c(Cl)c3)c21
13,[H]N=c1c(N([H])C(=O)c2c([H])c(N([H])C(=O)N([H])c3c([H])c([H])c(Cl)c(C(F)(F)F)c3[H])c([H])c([H])c2C([H])([H])[H])c([H])n([H])n1C([H])([H])c1c([H])c([H])c(OC([H])([H])[H])c([H])c1[H],14,0,COc1ccc(Cn2[nH]cc(NC(=O)c3cc(NC(=O)Nc4ccc(Cl)c(C(F)(F)F)c4)ccc3C)c2=N)cc1
14,[H]OC([H])([H])C([H])([H])n1nc(C(=O)N([H])[H])c2c1-c1nc(=Nc3c([H])c(N4C([H])([H])C([H])([H])N(C([H])([H])[H])C([H])([H])C4([H])[H])c([H])c([H])c3OC(F)(F)F)n([H])c([H])c1C([H])([H])C2([H])[H],15,0,CN1CCN(c2ccc(OC(F)(F)F)c(N=c3nc4c(c[nH]3)CCc3c(C(N)=O)nn(CCO)c3-4)c2)CC1
15,[H]c1c([H])c(S(=O)(=O)N([H])C2([H])C([H])([H])C2([H])[H])c([H])c([H])c1N=c1n([H])c([H])c(C(F)(F)F)c(=NC2([H])C([H])([H])C([H])([H])C([H])([H])C2([H])N(C([H])([H])[H])C([H])([H])[H])n1[H],16,0,CN(C)C1CCCC1N=c1[nH]c(=Nc2ccc(S(=O)(=O)NC3CC3)cc2)[nH]cc1C(F)(F)F
16,[H]c1c([H])c([H])c(-c2c([H])c([H])c3c([H])nc(=Nc4c([H])c(OC([H])([H])[H])c(OC([H])([H])[H])c(OC([H])([H])[H])c4[H])n([H])n23)c([H])c1[H],17,1,COc1cc(N=c2ncc3ccc(-c4ccccc4)n3[nH]2)cc(OC)c1OC
17,[H]c1c([H])c(N2C([H])([H])C([H])([H])N(C([H])([H])C([H])([H])[H])C([H])([H])C2([H])[H])c([H])c([H])c1N=c1nc([H])n([H])c(N(C(=O)N([H])c2c(Cl)c(OC([H])([H])[H])c([H])c(OC([H])([H])[H])c2Cl)C([H])([H])[H])c1[H],18,0,CCN1CCN(c2ccc(N=c3cc(N(C)C(=O)Nc4c(Cl)c(OC)cc(OC)c4Cl)[nH]cn3)cc2)CC1
18,[H]Oc1c([H])c([H])c(C([H])([H])[H])c(C([H])([H])C([H])([H])C2([H])C([H])(O[H])C([H])([H])C([H])([H])C3(C([H])([H])[H])C([H])(C([H])(C([H])=C([H])C([H])([H])C([H])(C([H])([H])[H])C([H])([H])[H])C([H])([H])[H])C([H])([H])C([H])([H])C23[H])c1[H],19,0,Cc1ccc(O)cc1CCC1C(O)CCC2(C)C(C(C)C=CCC(C)C)CCC12
19,[H]Oc1c([H])c([H])c(C([H])([H])[H])c(C([H])([H])C([H])([H])C2([H])C(=O)C([H])([H])C([H])([H])C3(C([H])([H])[H])C2([H])C([H])([H])C([H])([H])C3([H])C([H])(C([H])([H])[H])C([H])([H])C([H])([H])C(=C([H])[H])C([H])(C([H])([H])[H])C([H])([H])[H])c1[H],20,0,C=C(CCC(C)C1CCC2C(CCc3cc(O)ccc3C)C(=O)CCC12C)C(C)C
20,[H]c1c([H])c(Cl)c(Cl)c(N([H])C(=O)N([H])c2sc(C(C([H])([H])[H])(C([H])([H])[H])C([H])([H])[H])c([H])c2C(=O)N2C([H])([H])C([H])([H])C(=O)N(C([H])([H])C([H])([H])N(C([H])([H])[H])C([H])([H])[H])C([H])([H])C2([H])[H])c1[H],21,0,CN(C)CCN1CCN(C(=O)c2cc(C(C)(C)C)sc2NC(=O)Nc2cccc(Cl)c2Cl)CCC1=O
21,[H]c1c([H])c([H])c(-c2c([H])c([H])c3c([H])nc(=Nc4c([H])c([H])c(C5([H])C([H])([H])C([H])([H])N(C([H])([H])C(=O)N([H])[H])C([H])([H])C5([H])[H])c([H])c4OC([H])([H])[H])n([H])n23)c(OC([H])([H])[H])c1[H],22,0,COc1cc(C2CCN(CC(N)=O)CC2)ccc1N=c1ncc2ccc(-c3ccccc3OC)n2[nH]1
22,[H]c1c([H])c([H])c(-c2c([H])c([H])c3c([H])nc(=Nc4c([H])c([H])c(C5([H])C([H])([H])C([H])([H])N(C([H])([H])C(=O)N([H])[H])C([H])([H])C5([H])[H])c([H])c4[H])n([H])n23)c(OC([H])([H])[H])c1[H],23,0,COc1ccccc1-c1ccc2cnc(=Nc3ccc(C4CCN(CC(N)=O)CC4)cc3)[nH]n12
23,[H]c1c([H])c([H])c(N(C([H])([H])[H])S(=O)(=O)C([H])([H])[H])c(-c2c([H])c([H])c3c([H])nc(=Nc4c([H])c([H])c(C5([H])C([H])([H])C([H])([H])N(C([H])([H])C(=O)N([H])[H])C([H])([H])C5([H])[H])c([H])c4[H])n([H])n23)c1[H],24,0,CN(c1ccccc1-c1ccc2cnc(=Nc3ccc(C4CCN(CC(N)=O)CC4)cc3)[nH]n12)S(C)(=O)=O
24,[H]c1c([H])c(-c2c([H])c([H])c3c([H])nc(=Nc4c([H])c([H])c(C5([H])C([H])([H])C([H])([H])N(C([H])([H])C(=O)N([H])[H])C([H])([H])C5([H])[H])c([H])c4[H])n([H])n23)c([H])c(S(=O)(=O)N([H])C(C([H])([H])[H])(C([H])([H])[H])C([H])([H])[H])c1[H],25,0,CC(C)(C)NS(=O)(=O)c1cccc(-c2ccc3cnc(=Nc4ccc(C5CCN(CC(N)=O)CC5)cc4)[nH]n23)c1
25,[H]c1nc(OC([H])([H])[H])c([H])c([H])c1-c1c([H])c([H])c2c([H])nc(=Nc3c([H])c([H])c(C4([H])C([H])([H])C([H])([H])N(C([H])([H])C(=O)N([H])[H])C([H])([H])C4([H])[H])c([H])c3[H])n([H])n12,26,0,COc1ccc(-c2ccc3cnc(=Nc4ccc(C5CCN(CC(N)=O)CC5)cc4)[nH]n23)cn1
26,[H]c1c([H])c(-c2c([H])c([H])c3c([H])nc(=Nc4c([H])c([H])c(C5([H])C([H])([H])C([H])([H])N(C([H])([H])C(=O)N([H])[H])C([H])([H])C5([H])[H])c([H])c4[H])n([H])n23)c([H])c(N([H])S(=O)(=O)C([H])([H])[H])c1[H],27,0,CS(=O)(=O)Nc1cccc(-c2ccc3cnc(=Nc4ccc(C5CCN(CC(N)=O)CC5)cc4)[nH]n23)c1
27,[H]c1c([H])c(-c2c([H])c([H])c3c([H])nc(=Nc4c([H])c([H])c(C5([H])C([H])([H])C([H])([H])N(C([H])([H])C(=O)N([H])[H])C([H])([H])C5([H])[H])c([H])c4[H])n([H])n23)c([H])c(N(C([H])([H])[H])S(=O)(=O)C([H])([H])[H])c1[H],28,0,CN(c1cccc(-c2ccc3cnc(=Nc4ccc(C5CCN(CC(N)=O)CC5)cc4)[nH]n23)c1)S(C)(=O)=O
28,[H]OC([H])([H])c1c([H])c([H])c([H])c(-c2c([H])c([H])c3c([H])nc(=Nc4c([H])c([H])c(C5([H])C([H])([H])C([H])([H])N(C([H])([H])C(=O)N([H])[H])C([H])([H])C5([H])[H])c([H])c4[H])n([H])n23)c1[H],29,0,NC(=O)CN1CCC(c2ccc(N=c3ncc4ccc(-c5cccc(CO)c5)n4[nH]3)cc2)CC1
29,[H]c1c([H])c(C2([H])C([H])([H])C([H])([H])N(C([H])([H])C(=O)N([H])[H])C([H])([H])C2([H])[H])c([H])c([H])c1N=c1nc([H])c2c([H])c([H])c(-c3c([H])c([H])c(S(=O)(=O)C([H])([H])[H])c([H])c3[H])n2n1[H],30,0,CS(=O)(=O)c1ccc(-c2ccc3cnc(=Nc4ccc(C5CCN(CC(N)=O)CC5)cc4)[nH]n23)cc1
30,[H]c1c([H])c(-c2c([H])c([H])c3c([H])nc(=Nc4c([H])c([H])c(C5([H])C([H])([H])C([H])([H])N(C([H])([H])C(=O)N([H])[H])C([H])([H])C5([H])[H])c([H])c4[H])n([H])n23)c([H])c(S(=O)(=O)C([H])([H])[H])c1[H],31,0,CS(=O)(=O)c1cccc(-c2ccc3cnc(=Nc4ccc(C5CCN(CC(N)=O)CC5)cc4)[nH]n23)c1
31,[H]c1nc(N(C([H])([H])[H])S(=O)(=O)C([H])([H])[H])c(-c2c([H])c([H])c3c([H])nc(=Nc4c([H])c([H])c(C5([H])C([H])([H])C([H])([H])N(C([H])([H])C(=O)N([H])[H])C([H])([H])C5([H])[H])c([H])c4[H])n([H])n23)c([H])c1[H],32,0,CN(c1ncccc1-c1ccc2cnc(=Nc3ccc(C4CCN(CC(N)=O)CC4)cc3)[nH]n12)S(C)(=O)=O
32,[H]c1nc(-c2c([H])c([H])c3c([H])nc(=Nc4c([H])c([H])c(C5([H])C([H])([H])C([H])([H])N(C([H])([H])C(=O)N([H])[H])C([H])([H])C5([H])[H])c([H])c4[H])n([H])n23)c(OC([H])([H])[H])c([H])c1[H],33,0,COc1cccnc1-c1ccc2cnc(=Nc3ccc(C4CCN(CC(N)=O)CC4)cc3)[nH]n12
33,[H]c1nc(-c2c([H])c([H])c3c([H])nc(=Nc4c([H])c([H])c(C5([H])C([H])([H])C([H])([H])N(C([H])([H])C(=O)N([H])[H])C([H])([H])C5([H])[H])c([H])c4[H])n([H])n23)nc([H])c1[H],34,0,NC(=O)CN1CCC(c2ccc(N=c3ncc4ccc(-c5ncccn5)n4[nH]3)cc2)CC1
34,[H]c1nc([H])c(-c2c([H])c([H])c3c([H])nc(=Nc4c([H])c([H])c(C5([H])C([H])([H])C([H])([H])N(C([H])([H])C(=O)N([H])[H])C([H])([H])C5([H])[H])c([H])c4[H])n([H])n23)nc1[H],35,0,NC(=O)CN1CCC(c2ccc(N=c3ncc4ccc(-c5cnccn5)n4[nH]3)cc2)CC1
35,[H]c1c([H])c2c(c(-c3c([H])c([H])c4c([H])nc(=Nc5c([H])c([H])c(C6([H])C([H])([H])C([H])([H])N(C([H])([H])C(=O)N([H])[H])C([H])([H])C6([H])[H])c([H])c5[H])n([H])n34)c1[H])OC(F)(F)O2,36,0,NC(=O)CN1CCC(c2ccc(N=c3ncc4ccc(-c5cccc6c5OC(F)(F)O6)n4[nH]3)cc2)CC1
36,[H]c1c([H])c(C2([H])C([H])([H])C([H])([H])N(C([H])([H])C(=O)N([H])[H])C([H])([H])C2([H])[H])c([H])c([H])c1N=c1nc([H])c2c([H])c([H])c(-c3c([H])c([H])c(C([H])([H])N(C([H])([H])[H])C([H])([H])[H])c([H])c3[H])n2n1[H],37,0,CN(C)Cc1ccc(-c2ccc3cnc(=Nc4ccc(C5CCN(CC(N)=O)CC5)cc4)[nH]n23)cc1
37,[H]c1c([H])c(-c2c([H])c([H])c3c([H])nc(=Nc4c([H])c([H])c(C5([H])C([H])([H])C([H])([H])N(C([H])([H])C(=O)N([H])[H])C([H])([H])C5([H])[H])c([H])c4[H])n([H])n23)c2c(c1[H])C([H])([H])N(S(=O)(=O)C([H])([H])[H])C2([H])[H],38,0,CS(=O)(=O)N1Cc2cccc(-c3ccc4cnc(=Nc5ccc(C6CCN(CC(N)=O)CC6)cc5)[nH]n34)c2C1
38,[H]c1nc2c(-c3c([H])c([H])c4c([H])nc(=Nc5c([H])c([H])c(C6([H])C([H])([H])C([H])([H])N(C([H])([H])C(=O)N([H])[H])C([H])([H])C6([H])[H])c([H])c5[H])n([H])n34)c([H])c([H])c([H])c2c([H])c1[H],39,0,NC(=O)CN1CCC(c2ccc(N=c3ncc4ccc(-c5cccc6cccnc56)n4[nH]3)cc2)CC1
39,[H]c1c([H])c([H])c(N(C([H])([H])[H])S(=O)(=O)C([H])([H])[H])c(-c2c([H])c(C([H])([H])[H])c3c([H])nc(=Nc4c([H])c([H])c(C5([H])C([H])([H])C([H])([H])N(C([H])([H])C(=O)N([H])[H])C([H])([H])C5([H])[H])c([H])c4[H])n([H])n23)c1[H],40,0,Cc1cc(-c2ccccc2N(C)S(C)(=O)=O)n2[nH]c(=Nc3ccc(C4CCN(CC(N)=O)CC4)cc3)ncc12
40,[H]c1c([H])c([H])c(N(C([H])([H])[H])S(=O)(=O)C([H])([H])[H])c(-c2c([H])c(Cl)c3c([H])nc(=Nc4c([H])c([H])c(C5([H])C([H])([H])C([H])([H])N(C([H])([H])C(=O)N([H])[H])C([H])([H])C5([H])[H])c([H])c4[H])n([H])n23)c1[H],41,0,CN(c1ccccc1-c1cc(Cl)c2cnc(=Nc3ccc(C4CCN(CC(N)=O)CC4)cc3)[nH]n12)S(C)(=O)=O
41,[H]c1c(Cl)c(Cl)c2c(c1[H])c1c(n2C([H])([H])[H])C(=O)N([H])C2(C1([H])C#N)C([H])([H])C([H])([H])N([H])C([H])([H])C2([H])[H],42,0,Cn1c2c(c3ccc(Cl)c(Cl)c31)C(C#N)C1(CCNCC1)NC2=O
42,[H]OC([H])([H])C([H])(O[H])C([H])([H])N([H])C(=O)c1c([H])c([H])c(OC([H])([H])[H])c(C([H])=C([H])c2c([H])c([H])c(Cl)c([H])c2[H])c1[H],43,0,COc1ccc(C(=O)NCC(O)CO)cc1C=Cc1ccc(Cl)cc1
43,[H]OC([H])([H])C([H])(O[H])C([H])([H])N([H])C(=O)c1c([H])c([H])c(OC([H])([H])[H])c(C([H])=C([H])c2c([H])c([H])c(Cl)c([H])c2[H])c1[H],44,0,COc1ccc(C(=O)NCC(O)CO)cc1C=Cc1ccc(Cl)cc1
44,[H]c1c([H])c([H])c2c(c1[H])C(=O)c1c3c(n(C([H])(C([H])([H])[H])C([H])([H])[H])c1-2)C([H])([H])C([H])([H])C([H])([H])C3=O,45,0,CC(C)n1c2c(c3c1-c1ccccc1C3=O)C(=O)CCC2
45,[H]OC([H])([H])C1([H])C([H])([H])C([H])([H])N(C([H])([H])C([H])([H])C([H])([H])Oc2c(OC([H])([H])[H])c([H])c3c(=Nc4nc([H])c(C([H])([H])C(=O)N([H])c5c([H])c([H])c([H])c(F)c5[H])s4)n([H])c([H])nc3c2[H])C([H])([H])C1([H])[H],46,0,COc1cc2c(=Nc3ncc(CC(=O)Nc4cccc(F)c4)s3)[nH]cnc2cc1OCCCN1CCC(CO)CC1
46,[H]c1c(OC([H])([H])[H])c(OC([H])([H])[H])c(OC([H])([H])[H])c([H])c1C1=C(c2c([H])n([H])c3c([H])c([H])c([H])c([H])c23)C(=O)N([H])C1=O,47,0,COc1cc(C2=C(c3c[nH]c4ccccc34)C(=O)NC2=O)cc(OC)c1OC
47,[H]c1c([H])c([S+]([O-])(=NC([H])([H])[H])C([H])([H])[H])c([H])c([H])c1N=c1n([H])c([H])c(C(F)(F)F)c(=NC2([H])C([H])([H])C([H])([H])C([H])([H])C2([H])N(C([H])([H])[H])C([H])([H])[H])n1[H],48,0,CN=[S+](C)([O-])c1ccc(N=c2[nH]cc(C(F)(F)F)c(=NC3CCCC3N(C)C)[nH]2)cc1
48,[H]c1c([H])c([S+]([O-])(=NC([H])([H])C([H])([H])[H])C([H])([H])[H])c([H])c([H])c1N=c1n([H])c([H])c(C(F)(F)F)c(=NC2([H])C([H])([H])C([H])([H])C([H])([H])C2([H])N(C([H])([H])[H])C([H])([H])[H])n1[H],49,0,CCN=[S+](C)([O-])c1ccc(N=c2[nH]cc(C(F)(F)F)c(=NC3CCCC3N(C)C)[nH]2)cc1
49,[H]c1nc(-n2c([H])c([H])c3c([H])n([H])c(=Nc4c([H])c([H])c([H])c([H])c4Br)nc32)c([H])c([H])c1[H],50,1,Brc1ccccc1N=c1nc2c(ccn2-c2ccccn2)c[nH]1
50,[H]c1nc(-n2c([H])c([H])c3c([H])n([H])c(=Nc4c([H])c([H])c([H])c([H])c4C(F)(F)F)nc32)c([H])c([H])c1[H],51,1,FC(F)(F)c1ccccc1N=c1nc2c(ccn2-c2ccccn2)c[nH]1
51,[H]C(=NC(=O)C([H])([H])C([H])([H])[H])c1nc(-c2c(N([H])[H])n([H])c([H])nc2=Nc2c([H])c([H])c(OC([H])([H])c3nc([H])c([H])c([H])c3[H])c(Cl)c2[H])oc1[H],52,0,CCC(=O)N=Cc1coc(-c2c(N)[nH]cnc2=Nc2ccc(OCc3ccccn3)c(Cl)c2)n1
52,[H]c1c([H])c([H])c(N=c2nc(-c3nc4c([H])c([H])c([H])c([H])c4n3C([H])([H])[H])c([H])c([H])n2[H])c([H])c1[H],53,1,Cn1c(-c2cc[nH]c(=Nc3ccccc3)n2)nc2ccccc21
53,[H]c1c([H])c(C([H])([H])[H])c([H])c([H])c1N=c1nc(-c2nc3c([H])c([H])c([H])c([H])c3n2C([H])([H])[H])c([H])c([H])n1[H],54,1,Cc1ccc(N=c2nc(-c3nc4ccccc4n3C)cc[nH]2)cc1
54,[H]c1c([H])c(N=c2nc(-c3nc4c([H])c([H])c([H])c([H])c4n3C([H])([H])[H])c([H])c([H])n2[H])c([H])c([H])c1Cl,55,1,Cn1c(-c2cc[nH]c(=Nc3ccc(Cl)cc3)n2)nc2ccccc21
55,[H]c1c([H])c(N2C([H])([H])C([H])([H])OC([H])([H])C2([H])[H])c([H])c([H])c1N=c1nc(-c2nc3c([H])c([H])c([H])c([H])c3n2C([H])([H])[H])c([H])c([H])n1[H],56,1,Cn1c(-c2cc[nH]c(=Nc3ccc(N4CCOCC4)cc3)n2)nc2ccccc21
56,[H]c1nc(-n2c([H])c([H])c3c([H])n([H])c(=Nc4c([H])c(Br)c([H])c([H])c4C([H])([H])[H])nc32)c([H])c([H])c1[H],57,1,Cc1ccc(Br)cc1N=c1nc2c(ccn2-c2ccccn2)c[nH]1
57,[H]c1nc(-n2c([H])c([H])c3c([H])n([H])c(=Nc4c([H])c([H])c(I)c([H])c4C([H])([H])[H])nc32)c([H])c([H])c1[H],58,1,Cc1cc(I)ccc1N=c1nc2c(ccn2-c2ccccn2)c[nH]1
58,[H]Oc1c([H])c([H])c(N=c2nc(-c3nc4c([H])c([H])c([H])c([H])c4n3C([H])([H])[H])c([H])c([H])n2[H])c([H])c1Cl,59,1,Cn1c(-c2cc[nH]c(=Nc3ccc(O)c(Cl)c3)n2)nc2ccccc21
59,[H]Oc1c([H])c(N=c2nc(-c3nc4c([H])c([H])c([H])c([H])c4n3C([H])([H])[H])c([H])c([H])n2[H])c([H])c([H])c1OC([H])([H])[H],60,1,COc1ccc(N=c2nc(-c3nc4ccccc4n3C)cc[nH]2)cc1O
60,[H]c1c([H])c(OC([H])([H])C([H])([H])[H])c([H])c([H])c1N=c1nc(-c2nc3c([H])c([H])c([H])c([H])c3n2C([H])([H])[H])c([H])c([H])n1[H],61,1,CCOc1ccc(N=c2nc(-c3nc4ccccc4n3C)cc[nH]2)cc1
61,[H]c1c([H])c(OC([H])([H])[H])c([H])c([H])c1N=c1nc(-c2nc3c([H])c([H])c([H])c([H])c3n2C([H])([H])[H])c([H])c([H])n1[H],62,1,COc1ccc(N=c2nc(-c3nc4ccccc4n3C)cc[nH]2)cc1
62,[H]Oc1c([H])c([H])c(N=c2nc(-c3nc4c([H])c([H])c([H])c([H])c4n3C([H])([H])[H])c([H])c([H])n2[H])c([H])c1[H],63,1,Cn1c(-c2cc[nH]c(=Nc3ccc(O)cc3)n2)nc2ccccc21
63,[H]Oc1c([H])c([H])c([H])c(N=c2nc(-c3nc4c([H])c([H])c([H])c([H])c4n3C([H])([H])[H])c([H])c([H])n2[H])c1[H],64,1,Cn1c(-c2cc[nH]c(=Nc3cccc(O)c3)n2)nc2ccccc21
64,[H]c1c([H])c([H])c2c(nc(-c3nc4c(c([H])c3[H])c(=O)n(C([H])([H])[H])c(=O)n4C([H])([H])[H])n2C([H])([H])[H])c1[H],65,1,Cn1c(=O)c2ccc(-c3nc4ccccc4n3C)nc2n(C)c1=O
65,[H]c1c(C(=O)N([H])C([H])([H])C([H])(C([H])([H])[H])C([H])([H])[H])nc(-n2c([H])c([H])c3c([H])n([H])c(=Nc4c([H])c(OC([H])([H])[H])c(OC([H])([H])[H])c(OC([H])([H])[H])c4[H])nc32)c([H])c1[H],66,0,COc1cc(N=c2nc3c(ccn3-c3cccc(C(=O)NCC(C)C)n3)c[nH]2)cc(OC)c1OC
66,[H]c1c([H])c(-n2c([H])c([H])c3c([H])n([H])c(=Nc4c([H])c(OC([H])([H])[H])c(OC([H])([H])[H])c(OC([H])([H])[H])c4[H])nc32)c([H])c(C([H])([H])C([H])([H])C(=O)N([H])C([H])([H])C([H])([H])N(C([H])([H])[H])C([H])([H])[H])c1[H],67,0,COc1cc(N=c2nc3c(ccn3-c3cccc(CCC(=O)NCCN(C)C)c3)c[nH]2)cc(OC)c1OC
67,[H]c1c([H])c(Oc2c([H])c([H])c([H])c3snc([H])c23)c(Cl)c([H])c1N=c1nc([H])n([H])c2c([H])c([H])n(C([H])([H])C([H])([H])N([H])C(=O)C(N([H])[H])(C([H])([H])[H])C([H])([H])[H])c12,68,0,CC(C)(N)C(=O)NCCn1ccc2[nH]cnc(=Nc3ccc(Oc4cccc5sncc45)c(Cl)c3)c21
68,[H]c1c(N=c2nc(N=c3c([H])c([H])c([H])c([H])n3[H])c(C([H])([H])C(=O)OC([H])([H])C([H])([H])[H])c([H])n2[H])c([H])c(OC([H])([H])[H])c(OC([H])([H])[H])c1OC([H])([H])[H],69,0,CCOC(=O)Cc1c[nH]c(=Nc2cc(OC)c(OC)c(OC)c2)nc1N=c1cccc[nH]1
69,[H]c1nc(-n2c([H])c([H])c3c([H])n([H])c(=NC([H])([H])c4c([H])c([H])c([H])c([H])c4[H])nc32)c([H])c([H])c1[H],70,1,c1ccc(CN=c2nc3c(ccn3-c3ccccn3)c[nH]2)cc1
70,[H]OC([H])([H])c1c([H])c([H])c(C([H])([H])[H])c(N=c2nc3c(c([H])c([H])n3-c3nc([H])c([H])c([H])c3[H])c([H])n2[H])c1[H],71,1,Cc1ccc(CO)cc1N=c1nc2c(ccn2-c2ccccn2)c[nH]1
71,[H]c1c([H])c(-n2c([H])c([H])c3c([H])n([H])c(=Nc4c([H])c(OC([H])([H])[H])c(OC([H])([H])[H])c(OC([H])([H])[H])c4[H])nc32)c([H])c(C([H])([H])C(=O)N([H])C2([H])C([H])([H])C([H])([H])C([H])([H])C2([H])[H])c1[H],72,0,COc1cc(N=c2nc3c(ccn3-c3cccc(CC(=O)NC4CCCC4)c3)c[nH]2)cc(OC)c1OC
72,[H]c1nc(-n2c([H])c([H])c3c([H])n([H])c(=Nc4c([H])c(OC([H])([H])[H])c(OC([H])([H])[H])c(OC([H])([H])[H])c4[H])nc32)c([H])c([H])c1[H],73,1,COc1cc(N=c2nc3c(ccn3-c3ccccn3)c[nH]2)cc(OC)c1OC
73,[H]c1nc([H])c(-n2c([H])c([H])c3c([H])n([H])c(=Nc4c([H])c(OC([H])([H])[H])c(OC([H])([H])[H])c(OC([H])([H])[H])c4[H])nc32)c(OC([H])([H])[H])c1[H],74,1,COc1ccncc1-n1ccc2c[nH]c(=Nc3cc(OC)c(OC)c(OC)c3)nc21
74,[H]Oc1c([H])c2c([H])n([H])c(=Nc3c([H])c(OC([H])([H])[H])c(OC([H])([H])[H])c(OC([H])([H])[H])c3[H])nc2n1-c1nc([H])c([H])c([H])c1[H],75,1,COc1cc(N=c2nc3c(c[nH]2)cc(O)n3-c2ccccn2)cc(OC)c1OC
75,[H]c1c(C(=O)N([H])C([H])([H])[H])nc(-n2c([H])c([H])c3c([H])n([H])c(=Nc4c([H])c(OC([H])([H])[H])c(OC([H])([H])[H])c(OC([H])([H])[H])c4[H])nc32)c([H])c1[H],76,0,CNC(=O)c1cccc(-n2ccc3c[nH]c(=Nc4cc(OC)c(OC)c(OC)c4)nc32)n1
76,[H]c1sc(-n2c([H])c([H])c3c([H])n([H])c(=Nc4c([H])c(OC([H])([H])[H])c(OC([H])([H])[H])c(OC([H])([H])[H])c4[H])nc32)c([H])c1[H],77,1,COc1cc(N=c2nc3c(ccn3-c3cccs3)c[nH]2)cc(OC)c1OC
77,[H]c1nc(-n2c([H])c([H])c3c([H])n([H])c(=Nc4c([H])c(OC([H])([H])[H])c(OC([H])([H])[H])c(OC([H])([H])[H])c4[H])nc32)sc1[H],78,1,COc1cc(N=c2nc3c(ccn3-c3nccs3)c[nH]2)cc(OC)c1OC
78,[H]c1nc(-n2c([H])c([H])c3c([H])nc(N4C([H])([H])C([H])([H])N(C([H])([H])[H])C([H])([H])C4([H])[H])nc32)c([H])c([H])c1[H],79,1,CN1CCN(c2ncc3ccn(-c4ccccn4)c3n2)CC1
79,[H]c1nc([H])c(C([H])([H])C([H])([H])n2c([H])c([H])c3c([H])n([H])c(=Nc4c([H])c(OC([H])([H])[H])c(OC([H])([H])[H])c(OC([H])([H])[H])c4[H])nc32)c([H])c1[H],80,1,COc1cc(N=c2nc3c(ccn3CCc3cccnc3)c[nH]2)cc(OC)c1OC
80,[H]c1nc(-n2c([H])c([H])c3c([H])n([H])c(=Nc4c([H])c([H])c([H])c(C([H])([H])[H])c4[H])nc32)c([H])c([H])c1[H],81,1,Cc1cccc(N=c2nc3c(ccn3-c3ccccn3)c[nH]2)c1
81,[H]c1nc(-n2c([H])c([H])c3c([H])n([H])c(=Nc4c([H])c([N+](=O)[O-])c([H])c([H])c4C([H])([H])[H])nc32)c([H])c([H])c1[H],82,1,Cc1ccc([N+](=O)[O-])cc1N=c1nc2c(ccn2-c2ccccn2)c[nH]1
82,[H]OC(=O)C([H])([H])c1c([H])c([H])c([H])c(-n2c([H])c([H])c3c([H])n([H])c(=Nc4c([H])c(OC([H])([H])[H])c(OC([H])([H])[H])c(OC([H])([H])[H])c4[H])nc32)c1[H],83,0,COc1cc(N=c2nc3c(ccn3-c3cccc(CC(=O)O)c3)c[nH]2)cc(OC)c1OC
83,[H]c1nc(-n2c([H])c([H])c3c([H])n([H])c(=Nc4c([H])c([H])c([H])c([H])c4OC([H])([H])[H])nc32)c([H])c([H])c1[H],84,1,COc1ccccc1N=c1nc2c(ccn2-c2ccccn2)c[nH]1
84,[H]c1c([H])c(N([H])[H])c([H])c(-n2c([H])c([H])c3c([H])n([H])c(=Nc4c([H])c(OC([H])([H])[H])c(OC([H])([H])[H])c(OC([H])([H])[H])c4[H])nc32)c1[H],85,1,COc1cc(N=c2nc3c(ccn3-c3cccc(N)c3)c[nH]2)cc(OC)c1OC
85,[H]c1c([H])c(C(=O)N([H])[H])c([H])c(-n2c([H])c([H])c3c([H])n([H])c(=Nc4c([H])c(OC([H])([H])[H])c(OC([H])([H])[H])c(OC([H])([H])[H])c4[H])nc32)c1[H],86,0,COc1cc(N=c2nc3c(ccn3-c3cccc(C(N)=O)c3)c[nH]2)cc(OC)c1OC
86,[H]C1=C([H])C2([H])C([H])([H])C1([H])C([H])(N=c1c(Cl)c([H])n([H])c(=Nc3c([H])c([H])c4c(c3OC([H])([H])[H])C([H])([H])C([H])([H])C([H])(N3C([H])([H])C([H])([H])OC([H])([H])C3([H])[H])C([H])([H])C4([H])[H])n1[H])C2([H])C(=O)N([H])[H],87,0,COc1c(N=c2[nH]cc(Cl)c(=NC3C4C=CC(C4)C3C(N)=O)[nH]2)ccc2c1CCC(N1CCOCC1)CC2
87,[H]c1nc(-n2c([H])c([H])c3c([H])n([H])c(=Nc4c([H])c(OC([H])([H])[H])c(OC([H])([H])[H])c(OC([H])([H])[H])c4[H])nc32)c([H])c([H])c1C([H])([H])[H],88,1,COc1cc(N=c2nc3c(ccn3-c3ccc(C)cn3)c[nH]2)cc(OC)c1OC
88,[H]c1nc(-n2c([H])c([H])c3c([H])nc(N4C([H])([H])C([H])([H])OC([H])([H])C4([H])[H])nc32)c([H])c([H])c1[H],89,1,c1ccc(-n2ccc3cnc(N4CCOCC4)nc32)nc1
89,[H]c1c([H])c(-n2c([H])c([H])c3c([H])n([H])c(=Nc4c([H])c(OC([H])([H])[H])c(OC([H])([H])[H])c(OC([H])([H])[H])c4[H])nc32)c([H])c(C([H])([H])C([H])([H])C#N)c1[H],90,1,COc1cc(N=c2nc3c(ccn3-c3cccc(CCC#N)c3)c[nH]2)cc(OC)c1OC
90,[H]c1c([H])c([H])c(-n2c([H])c([H])c3c([H])n([H])c(=Nc4c([H])c(OC([H])([H])[H])c(OC([H])([H])[H])c(OC([H])([H])[H])c4[H])nc32)c(C#N)c1[H],91,1,COc1cc(N=c2nc3c(ccn3-c3ccccc3C#N)c[nH]2)cc(OC)c1OC
91,[H]c1c(N=c2nc(Cl)c(C([H])([H])C(=O)OC([H])([H])C([H])([H])[H])c([H])n2[H])c([H])c(OC([H])([H])[H])c(OC([H])([H])[H])c1OC([H])([H])[H],92,0,CCOC(=O)Cc1c[nH]c(=Nc2cc(OC)c(OC)c(OC)c2)nc1Cl
92,[H]c1nc(-n2c([H])c([H])c3c([H])n([H])c(=Nc4c([H])c([H])c([H])c([H])c4C([H])([H])[H])nc32)c([H])c([H])c1[H],93,1,Cc1ccccc1N=c1nc2c(ccn2-c2ccccn2)c[nH]1
93,[H]c1nc2c([H])c([H])c([H])c([H])c2nc1-c1c([H])c([H])c(C([H])([H])[H])c(N=c2nc3c(c([H])c([H])n3-c3nc([H])c([H])c([H])c3[H])c([H])n2[H])c1[H],94,1,Cc1ccc(-c2cnc3ccccc3n2)cc1N=c1nc2c(ccn2-c2ccccn2)c[nH]1
94,[H]c1c([H])c(-n2c([H])c([H])c3c([H])n([H])c(=Nc4c([H])c(OC([H])([H])[H])c(OC([H])([H])[H])c(OC([H])([H])[H])c4[H])nc32)c([H])c(C([H])([H])c2nnn([H])n2)c1[H],95,1,COc1cc(N=c2nc3c(ccn3-c3cccc(Cc4nn[nH]n4)c3)c[nH]2)cc(OC)c1OC
95,[H]c1c(N=c2nc3c(c([H])c([H])n3-c3c([H])c([H])c(C(=O)OC([H])([H])[H])c([H])c3[H])c([H])n2[H])c([H])c(OC([H])([H])[H])c(OC([H])([H])[H])c1OC([H])([H])[H],96,0,COC(=O)c1ccc(-n2ccc3c[nH]c(=Nc4cc(OC)c(OC)c(OC)c4)nc32)cc1
96,[H]c1c(C(=O)N([H])C([H])([H])C(=O)OC([H])([H])[H])nc(-n2c([H])c([H])c3c([H])n([H])c(=Nc4c([H])c(OC([H])([H])[H])c(OC([H])([H])[H])c(OC([H])([H])[H])c4[H])nc32)c([H])c1[H],97,0,COC(=O)CNC(=O)c1cccc(-n2ccc3c[nH]c(=Nc4cc(OC)c(OC)c(OC)c4)nc32)n1
97,[H]c1c([H])c(C(=O)N([H])C([H])([H])C([H])(C([H])([H])[H])C([H])([H])[H])c([H])c(-n2c([H])c([H])c3c([H])n([H])c(=Nc4c([H])c(OC([H])([H])[H])c(OC([H])([H])[H])c(OC([H])([H])[H])c4[H])nc32)c1[H],98,0,COc1cc(N=c2nc3c(ccn3-c3cccc(C(=O)NCC(C)C)c3)c[nH]2)cc(OC)c1OC
98,[H]c1c([H])c(C(=O)N([H])C2([H])C([H])([H])C([H])([H])C([H])([H])C2([H])[H])c([H])c(-n2c([H])c([H])c3c([H])n([H])c(=Nc4c([H])c(OC([H])([H])[H])c(OC([H])([H])[H])c(OC([H])([H])[H])c4[H])nc32)c1[H],99,0,COc1cc(N=c2nc3c(ccn3-c3cccc(C(=O)NC4CCCC4)c3)c[nH]2)cc(OC)c1OC
99,[H]c1c([H])c(C#N)c([H])c(-n2c([H])c([H])c3c([H])n([H])c(=Nc4c([H])c(OC([H])([H])[H])c(OC([H])([H])[H])c(OC([H])([H])[H])c4[H])nc32)c1[H],100,1,COc1cc(N=c2nc3c(ccn3-c3cccc(C#N)c3)c[nH]2)cc(OC)c1OC
100,[H]c1nc(-n2c([H])c([H])c3c([H])n([H])c(=Nc4c([H])c(OC([H])([H])[H])c(OC([H])([H])[H])c(OC([H])([H])[H])c4[H])nc32)nc(Cl)c1[H],101,1,COc1cc(N=c2nc3c(ccn3-c3nccc(Cl)n3)c[nH]2)cc(OC)c1OC
101,[H]c1c(N=c2nc3c(c([H])c([H])n3-c3c([H])c([H])c(C(F)(F)F)c([H])c3[H])c([H])n2[H])c([H])c(OC([H])([H])[H])c(OC([H])([H])[H])c1OC([H])([H])[H],102,1,COc1cc(N=c2nc3c(ccn3-c3ccc(C(F)(F)F)cc3)c[nH]2)cc(OC)c1OC
102,[H]c1c([H])c(C(=O)N([H])C([H])([H])C([H])([H])N([H])[H])c([H])c(-n2c([H])c([H])c3c([H])n([H])c(=Nc4c([H])c(OC([H])([H])[H])c(OC([H])([H])[H])c(OC([H])([H])[H])c4[H])nc32)c1[H],103,0,COc1cc(N=c2nc3c(ccn3-c3cccc(C(=O)NCCN)c3)c[nH]2)cc(OC)c1OC
103,[H]c1c([H])c(-n2c([H])c([H])c3c([H])n([H])c(=Nc4c([H])c(OC([H])([H])[H])c(OC([H])([H])[H])c(OC([H])([H])[H])c4[H])nc32)c([H])c(C([H])([H])C([H])([H])C(=O)N([H])C([H])([H])[H])c1[H],104,0,CNC(=O)CCc1cccc(-n2ccc3c[nH]c(=Nc4cc(OC)c(OC)c(OC)c4)nc32)c1
104,[H]OC(=O)c1c([H])c([H])c([H])c(-n2c([H])c([H])c3c([H])n([H])c(=Nc4c([H])c(OC([H])([H])[H])c(OC([H])([H])[H])c(OC([H])([H])[H])c4[H])nc32)c1[H],105,0,COc1cc(N=c2nc3c(ccn3-c3cccc(C(=O)O)c3)c[nH]2)cc(OC)c1OC
105,[H]c1nc(Cl)c([H])c(-n2c([H])c([H])c3c([H])n([H])c(=Nc4c([H])c(OC([H])([H])[H])c(OC([H])([H])[H])c(OC([H])([H])[H])c4[H])nc32)c1[H],106,1,COc1cc(N=c2nc3c(ccn3-c3ccnc(Cl)c3)c[nH]2)cc(OC)c1OC
106,[H]c1c(N=c2nc3c(c([H])c([H])n3-c3c([H])c([H])c(C([H])([H])C([H])([H])C([H])([H])C([H])([H])[H])c([H])c3[H])c([H])n2[H])c([H])c(OC([H])([H])[H])c(OC([H])([H])[H])c1OC([H])([H])[H],107,1,CCCCc1ccc(-n2ccc3c[nH]c(=Nc4cc(OC)c(OC)c(OC)c4)nc32)cc1
107,[H]c1c([H])c(-n2c([H])c([H])c3c([H])n([H])c(=Nc4c([H])c(OC([H])([H])[H])c(OC([H])([H])[H])c(OC([H])([H])[H])c4[H])nc32)c([H])c(C([H])([H])C(=O)N([H])C([H])([H])C(=O)OC([H])([H])[H])c1[H],108,0,COC(=O)CNC(=O)Cc1cccc(-n2ccc3c[nH]c(=Nc4cc(OC)c(OC)c(OC)c4)nc32)c1
108,[H]c1c([H])c(-n2c([H])c([H])c3c([H])n([H])c(=Nc4c([H])c(OC([H])([H])[H])c(OC([H])([H])[H])c(OC([H])([H])[H])c4[H])nc32)c([H])c(C([H])([H])C([H])([H])C(=O)N([H])C([H])([H])C([H])([H])[H])c1[H],109,0,CCNC(=O)CCc1cccc(-n2ccc3c[nH]c(=Nc4cc(OC)c(OC)c(OC)c4)nc32)c1
109,[H]c1nc(-n2c([H])c([H])c3c([H])n([H])c(=Nc4c([H])c([H])c(C(F)(F)F)c([H])c4[H])nc32)c([H])c([H])c1[H],110,1,FC(F)(F)c1ccc(N=c2nc3c(ccn3-c3ccccn3)c[nH]2)cc1
110,[H]c1c([H])c(C(=O)N([H])C([H])([H])C([H])([H])N([H])C(=O)C([H])([H])[H])c([H])c(-n2c([H])c([H])c3c([H])n([H])c(=Nc4c([H])c(OC([H])([H])[H])c(OC([H])([H])[H])c(OC([H])([H])[H])c4[H])nc32)c1[H],111,0,COc1cc(N=c2nc3c(ccn3-c3cccc(C(=O)NCCNC(C)=O)c3)c[nH]2)cc(OC)c1OC
111,[H]OC(=O)C([H])([H])C([H])([H])c1nc(-n2c([H])c([H])c3c([H])n([H])c(=Nc4c([H])c(OC([H])([H])[H])c(OC([H])([H])[H])c(OC([H])([H])[H])c4[H])nc32)c([H])c([H])c1[H],112,0,COc1cc(N=c2nc3c(ccn3-c3cccc(CCC(=O)O)n3)c[nH]2)cc(OC)c1OC
112,[H]c1c([H])c(-n2c([H])c([H])c3c([H])n([H])c(=Nc4c([H])c(OC([H])([H])[H])c(OC([H])([H])[H])c(OC([H])([H])[H])c4[H])nc32)c([H])c(C([H])([H])C([H])([H])C(=O)N([H])C([H])([H])C([H])(C([H])([H])[H])C([H])([H])[H])c1[H],113,0,COc1cc(N=c2nc3c(ccn3-c3cccc(CCC(=O)NCC(C)C)c3)c[nH]2)cc(OC)c1OC
113,[H]c1c([H])c([H])c(-n2c([H])c([H])c3c([H])n([H])c(=Nc4c([H])c(OC([H])([H])[H])c(OC([H])([H])[H])c(OC([H])([H])[H])c4[H])nc32)c(C(=O)N([H])[H])c1[H],114,0,COc1cc(N=c2nc3c(ccn3-c3ccccc3C(N)=O)c[nH]2)cc(OC)c1OC
114,[H]OC(=O)C([H])([H])C([H])([H])c1c([H])c([H])c([H])c(-n2c([H])c([H])c3c([H])n([H])c(=Nc4c([H])c(OC([H])([H])[H])c(OC([H])([H])[H])c(OC([H])([H])[H])c4[H])nc32)c1[H],115,0,COc1cc(N=c2nc3c(ccn3-c3cccc(CCC(=O)O)c3)c[nH]2)cc(OC)c1OC
115,[H]c1c([H])c(-n2c([H])c([H])c3c([H])n([H])c(=Nc4c([H])c(OC([H])([H])[H])c(OC([H])([H])[H])c(OC([H])([H])[H])c4[H])nc32)c([H])c(C([H])([H])[H])c1[H],116,1,COc1cc(N=c2nc3c(ccn3-c3cccc(C)c3)c[nH]2)cc(OC)c1OC
116,[H]c1c([H])c(-n2c([H])c([H])c3c([H])n([H])c(=Nc4c([H])c(OC([H])([H])[H])c(OC([H])([H])[H])c(OC([H])([H])[H])c4[H])nc32)c([H])c(S(=O)(=O)N([H])C([H])([H])[H])c1[H],117,0,CNS(=O)(=O)c1cccc(-n2ccc3c[nH]c(=Nc4cc(OC)c(OC)c(OC)c4)nc32)c1
117,[H]c1c([H])c(-n2c([H])c([H])c3c([H])n([H])c(=Nc4c([H])c(OC([H])([H])[H])c(OC([H])([H])[H])c(OC([H])([H])[H])c4[H])nc32)c([H])c(C([H])([H])C(=O)N([H])C([H])([H])C([H])([H])[H])c1[H],118,0,CCNC(=O)Cc1cccc(-n2ccc3c[nH]c(=Nc4cc(OC)c(OC)c(OC)c4)nc32)c1
118,[H]c1nc(N2C(=O)C([H])([H])C([H])([H])c3c2nc(=Nc2c([H])c(OC([H])([H])[H])c(OC([H])([H])[H])c(OC([H])([H])[H])c2[H])n([H])c3[H])c([H])c([H])c1[H],119,0,COc1cc(N=c2nc3c(c[nH]2)CCC(=O)N3c2ccccn2)cc(OC)c1OC
119,[H]c1c([H])c(-n2c([H])c([H])c3c([H])n([H])c(=Nc4c([H])c(OC([H])([H])[H])c(OC([H])([H])[H])c(OC([H])([H])[H])c4[H])nc32)c([H])c(C(F)(F)F)c1[H],120,1,COc1cc(N=c2nc3c(ccn3-c3cccc(C(F)(F)F)c3)c[nH]2)cc(OC)c1OC
120,[H]c1c(N=c2nc3c(c([H])c([H])n3-c3c([H])c([H])c(C(C([H])([H])[H])(C([H])([H])[H])C([H])([H])[H])c([H])c3[H])c([H])n2[H])c([H])c(OC([H])([H])[H])c(OC([H])([H])[H])c1OC([H])([H])[H],121,1,COc1cc(N=c2nc3c(ccn3-c3ccc(C(C)(C)C)cc3)c[nH]2)cc(OC)c1OC
121,[H]c1nc([H])c(-n2c([H])c([H])c3c([H])n([H])c(=Nc4c([H])c(OC([H])([H])[H])c(OC([H])([H])[H])c(OC([H])([H])[H])c4[H])nc32)c(F)c1[H],122,1,COc1cc(N=c2nc3c(ccn3-c3cnccc3F)c[nH]2)cc(OC)c1OC
122,[H]c1c([H])c(-n2c([H])c([H])c3c([H])n([H])c(=Nc4c([H])c(OC([H])([H])[H])c(OC([H])([H])[H])c(OC([H])([H])[H])c4[H])nc32)c([H])c(C([H])([H])C(=O)N([H])C([H])([H])C([H])([H])N([H])[H])c1[H],123,0,COc1cc(N=c2nc3c(ccn3-c3cccc(CC(=O)NCCN)c3)c[nH]2)cc(OC)c1OC
123,[H]OC(=O)c1c([H])c([H])c([H])c([H])c1-n1c([H])c([H])c2c([H])n([H])c(=Nc3c([H])c(OC([H])([H])[H])c(OC([H])([H])[H])c(OC([H])([H])[H])c3[H])nc21,124,0,COc1cc(N=c2nc3c(ccn3-c3ccccc3C(=O)O)c[nH]2)cc(OC)c1OC
124,[H]c1c([H])c([H])c(-n2c([H])c([H])c3c([H])n([H])c(=Nc4c([H])c(OC([H])([H])[H])c(OC([H])([H])[H])c(OC([H])([H])[H])c4[H])nc32)c(C(=O)N([H])C([H])([H])C([H])([H])C([H])([H])N(C([H])([H])[H])C([H])([H])[H])c1[H],125,0,COc1cc(N=c2nc3c(ccn3-c3ccccc3C(=O)NCCCN(C)C)c[nH]2)cc(OC)c1OC
125,[H]c1nc(-n2c([H])c([H])c3c([H])n([H])c(=Nc4c([H])c([H])c([H])c([H])c4Cl)nc32)c([H])c([H])c1[H],126,1,Clc1ccccc1N=c1nc2c(ccn2-c2ccccn2)c[nH]1
126,[H]c1c([H])c(C(=O)N([H])C([H])([H])C([H])([H])C([H])([H])N(C([H])([H])[H])C([H])([H])[H])c([H])c(-n2c([H])c([H])c3c([H])n([H])c(=Nc4c([H])c(OC([H])([H])[H])c(OC([H])([H])[H])c(OC([H])([H])[H])c4[H])nc32)c1[H],127,0,COc1cc(N=c2nc3c(ccn3-c3cccc(C(=O)NCCCN(C)C)c3)c[nH]2)cc(OC)c1OC
127,[H]c1c([H])c(C(=O)N([H])C([H])([H])C([H])([H])C([H])([H])C([H])([H])N(C([H])([H])[H])C([H])([H])[H])c([H])c(-n2c([H])c([H])c3c([H])n([H])c(=Nc4c([H])c(OC([H])([H])[H])c(OC([H])([H])[H])c(OC([H])([H])[H])c4[H])nc32)c1[H],128,0,COc1cc(N=c2nc3c(ccn3-c3cccc(C(=O)NCCCCN(C)C)c3)c[nH]2)cc(OC)c1OC
128,[H]c1nc(-n2c([H])c([H])c3c([H])n([H])c(=Nc4c([H])c([H])c([H])c(OC([H])([H])[H])c4[H])nc32)c([H])c([H])c1[H],129,1,COc1cccc(N=c2nc3c(ccn3-c3ccccn3)c[nH]2)c1
129,[H]c1nc(-n2c([H])c([H])c3c([H])n([H])c(=NC([H])([H])C([H])([H])C([H])([H])N4C(=O)C([H])([H])C([H])([H])C4([H])[H])nc32)c([H])c([H])c1[H],130,0,O=C1CCCN1CCCN=c1nc2c(ccn2-c2ccccn2)c[nH]1
130,[H]c1nc(-n2c([H])c([H])c3c([H])n([H])c(=Nc4c([H])c([H])c5c([H])c([H])n([H])c5c4[H])nc32)c([H])c([H])c1[H],131,1,c1ccc(-n2ccc3c[nH]c(=Nc4ccc5cc[nH]c5c4)nc32)nc1
131,[H]c1c([H])c([H])c(S(=O)(=O)N([H])C([H])([H])C([H])([H])C([H])([H])[H])c(-n2c([H])c([H])c3c([H])n([H])c(=Nc4c([H])c(OC([H])([H])[H])c(OC([H])([H])[H])c(OC([H])([H])[H])c4[H])nc32)c1[H],132,0,CCCNS(=O)(=O)c1ccccc1-n1ccc2c[nH]c(=Nc3cc(OC)c(OC)c(OC)c3)nc21
132,[H]c1c(N=c2nc3c(c([H])c([H])n3-c3c([H])c([H])c(C([H])([H])[H])c([H])c3[H])c([H])n2[H])c([H])c(OC([H])([H])[H])c(OC([H])([H])[H])c1OC([H])([H])[H],133,1,COc1cc(N=c2nc3c(ccn3-c3ccc(C)cc3)c[nH]2)cc(OC)c1OC
133,[H]c1c(C(=O)N([H])C([H])([H])C([H])([H])N([H])[H])nc(-n2c([H])c([H])c3c([H])n([H])c(=Nc4c([H])c(OC([H])([H])[H])c(OC([H])([H])[H])c(OC([H])([H])[H])c4[H])nc32)c([H])c1[H],134,0,COc1cc(N=c2nc3c(ccn3-c3cccc(C(=O)NCCN)n3)c[nH]2)cc(OC)c1OC
134,[H]c1c(C(=O)N([H])C([H])([H])C([H])([H])C([H])([H])N([H])[H])nc(-n2c([H])c([H])c3c([H])n([H])c(=Nc4c([H])c(OC([H])([H])[H])c(OC([H])([H])[H])c(OC([H])([H])[H])c4[H])nc32)c([H])c1[H],135,0,COc1cc(N=c2nc3c(ccn3-c3cccc(C(=O)NCCCN)n3)c[nH]2)cc(OC)c1OC
135,[H]c1c([H])c(-n2c([H])c([H])c3c([H])n([H])c(=Nc4c([H])c(OC([H])([H])[H])c(OC([H])([H])[H])c(OC([H])([H])[H])c4[H])nc32)c([H])c(C([H])([H])C(=O)N([H])C([H])([H])C([H])([H])C([H])([H])N(C([H])([H])[H])C([H])([H])[H])c1[H],136,0,COc1cc(N=c2nc3c(ccn3-c3cccc(CC(=O)NCCCN(C)C)c3)c[nH]2)cc(OC)c1OC
136,[H]c1c([H])c(-c2nnn([H])n2)c([H])c(-n2c([H])c([H])c3c([H])n([H])c(=Nc4c([H])c(OC([H])([H])[H])c(OC([H])([H])[H])c(OC([H])([H])[H])c4[H])nc32)c1[H],137,1,COc1cc(N=c2nc3c(ccn3-c3cccc(-c4nn[nH]n4)c3)c[nH]2)cc(OC)c1OC
137,[H]c1c([H])c(C(=O)N([H])C2([H])C([H])([H])C2([H])[H])c([H])c(-n2c([H])c([H])c3c([H])n([H])c(=Nc4c([H])c(OC([H])([H])[H])c(OC([H])([H])[H])c(OC([H])([H])[H])c4[H])nc32)c1[H],138,0,COc1cc(N=c2nc3c(ccn3-c3cccc(C(=O)NC4CC4)c3)c[nH]2)cc(OC)c1OC
138,[H]OC([H])([H])c1c([H])c([H])c([H])c([H])c1-n1c([H])c([H])c2c([H])n([H])c(=Nc3c([H])c(OC([H])([H])[H])c(OC([H])([H])[H])c(OC([H])([H])[H])c3[H])nc21,139,1,COc1cc(N=c2nc3c(ccn3-c3ccccc3CO)c[nH]2)cc(OC)c1OC
139,[H]c1c([H])c([H])c(-n2c([H])c([H])c3c([H])n([H])c(=Nc4c([H])c(OC([H])([H])[H])c(OC([H])([H])[H])c(OC([H])([H])[H])c4[H])nc32)c(C(=O)N([H])C([H])([H])[H])c1[H],140,0,CNC(=O)c1ccccc1-n1ccc2c[nH]c(=Nc3cc(OC)c(OC)c(OC)c3)nc21
140,[H]c1c([H])c(-n2c([H])c([H])c3c([H])n([H])c(=Nc4c([H])c(OC([H])([H])[H])c(OC([H])([H])[H])c(OC([H])([H])[H])c4[H])nc32)c([H])c(C([H])([H])C([H])([H])c2nnn([H])n2)c1[H],141,1,COc1cc(N=c2nc3c(ccn3-c3cccc(CCc4nn[nH]n4)c3)c[nH]2)cc(OC)c1OC
141,[H]OC(=O)c1c([H])c2c([H])n([H])c(=Nc3c([H])c(OC([H])([H])[H])c(OC([H])([H])[H])c(OC([H])([H])[H])c3[H])nc2n1-c1nc([H])c([H])c([H])c1[H],142,0,COc1cc(N=c2nc3c(c[nH]2)cc(C(=O)O)n3-c2ccccn2)cc(OC)c1OC
142,[H]c1c([H])c(Cl)c([H])c(Oc2c([H])c([H])c(N=c3nc([H])n([H])c4c([H])c([H])n(C([H])([H])C([H])([H])N([H])C(=O)C(C([H])([H])[H])(C([H])([H])[H])S(=O)(=O)C([H])([H])[H])c34)c([H])c2Cl)c1[H],143,0,CC(C)(C(=O)NCCn1ccc2[nH]cnc(=Nc3ccc(Oc4cccc(Cl)c4)c(Cl)c3)c21)S(C)(=O)=O
143,[H]c1nc(C([H])(N=c2c([H])c([H])c3nc([H])n(-c4c([H])c(OC([H])(C([H])([H])[H])C([H])([H])[H])nn4[H])c3n2[H])C([H])([H])[H])c([H])c([H])c1F,144,1,CC(C)Oc1cc(-n2cnc3ccc(=NC(C)c4ccc(F)cn4)[nH]c32)[nH]n1
144,[H]N=c1nc2c([H])c(-c3c([H])nc([H])c(S(=O)(=O)N([H])C(C([H])([H])[H])(C([H])([H])[H])C([H])([H])[H])c3[H])c([H])c([H])n2n1[H],145,0,CC(C)(C)NS(=O)(=O)c1cncc(-c2ccn3[nH]c(=N)nc3c2)c1
145,[H]c1c([H])c(C([H])([H])[H])c([H])c([H])c1-n1c(=NC(=O)N([H])c2c([H])c([H])c([H])c3c([H])c(C(=O)N([H])C([H])(C([H])([H])[H])C([H])([H])[H])n([H])c23)c([H])c(C(C([H])([H])[H])(C([H])([H])[H])C([H])([H])[H])n1[H],146,0,Cc1ccc(-n2[nH]c(C(C)(C)C)cc2=NC(=O)Nc2cccc3cc(C(=O)NC(C)C)[nH]c23)cc1
146,[H]c1nc(C([H])([H])C([H])([H])N(C(=O)c2c([H])c3c([H])c([H])c([H])c(N([H])C(=O)N=c4c([H])c(C(C([H])([H])[H])(C([H])([H])[H])C([H])([H])[H])n([H])n4-c4c([H])c([H])c(C([H])([H])[H])c([H])c4[H])c3n2[H])C([H])([H])[H])c([H])c([H])c1[H],147,0,Cc1ccc(-n2[nH]c(C(C)(C)C)cc2=NC(=O)Nc2cccc3cc(C(=O)N(C)CCc4ccccn4)[nH]c23)cc1
147,[H]c1c([H])c(C([H])([H])[H])c([H])c([H])c1-n1c(=NC(=O)N([H])c2c([H])c([H])c([H])c3c([H])c(C(=O)N([H])C([H])([H])C([H])([H])C([H])([H])OC([H])([H])C([H])([H])[H])n([H])c23)c([H])c(C(C([H])([H])[H])(C([H])([H])[H])C([H])([H])[H])n1[H],148,0,CCOCCCNC(=O)c1cc2cccc(NC(=O)N=c3cc(C(C)(C)C)[nH]n3-c3ccc(C)cc3)c2[nH]1
148,[H]c1c([H])c(-c2c([H])c(=NC(=O)N=c3c([H])c(C(C([H])([H])[H])(C([H])([H])[H])C([H])([H])[H])n([H])n3-c3c([H])c([H])c(C([H])([H])[H])c([H])c3[H])n([H])n2[H])c(C([H])([H])[H])c([H])c1OC([H])([H])[H],149,0,COc1ccc(-c2cc(=NC(=O)N=c3cc(C(C)(C)C)[nH]n3-c3ccc(C)cc3)[nH][nH]2)c(C)c1
149,[H]c1nc(-c2c([H])c(=NC(=O)N=c3c([H])c(C(C([H])([H])[H])(C([H])([H])[H])C([H])([H])[H])n([H])n3-c3c([H])c([H])c(C([H])([H])[H])c([H])c3[H])n([H])n2[H])c([H])c([H])c1OC([H])([H])[H],150,0,COc1ccc(-c2cc(=NC(=O)N=c3cc(C(C)(C)C)[nH]n3-c3ccc(C)cc3)[nH][nH]2)nc1
150,[H]c1nc2c([H])c([H])c(-c3c([H])c(=NC(=O)N=c4c([H])c(C(C([H])([H])[H])(C([H])([H])[H])C([H])([H])[H])n([H])n4-c4c([H])c([H])c(C([H])([H])[H])c([H])c4[H])n([H])n3[H])c([H])c2c([H])c1[H],151,0,Cc1ccc(-n2[nH]c(C(C)(C)C)cc2=NC(=O)N=c2cc(-c3ccc4ncccc4c3)[nH][nH]2)cc1
151,[H]c1nc2c([H])c([H])c(-c3c([H])c(=NC(=O)N=c4c([H])c(C(C([H])([H])[H])(C([H])([H])[H])C([H])([H])[H])n([H])n4-c4c([H])c([H])c(C([H])([H])[H])c([H])c4[H])n([H])n3[H])c([H])c2nc1[H],152,0,Cc1ccc(-n2[nH]c(C(C)(C)C)cc2=NC(=O)N=c2cc(-c3ccc4nccnc4c3)[nH][nH]2)cc1
152,[H]Oc1c([H])c([H])c(Br)c([H])c1C([H])=NN([H])C(=O)C([H])([H])Sc1nnc(-c2c([H])c([H])nc([H])c2[H])n1-c1c([H])c([H])c([H])c([H])c1[H],153,0,O=C(CSc1nnc(-c2ccncc2)n1-c1ccccc1)NN=Cc1cc(Br)ccc1O
153,[H]C(=NN([H])C(=O)C([H])([H])Sc1nnc(-c2c([H])c([H])nc([H])c2[H])n1-c1c([H])c([H])c([H])c([H])c1[H])C([H])=C([H])c1c([H])c([H])c([H])c([H])c1[H],154,0,O=C(CSc1nnc(-c2ccncc2)n1-c1ccccc1)NN=CC=Cc1ccccc1
154,[H]C(=NN([H])C(=O)C([H])([H])Sc1nnc(-c2c([H])c([H])nc([H])c2[H])n1-c1c([H])c([H])c([H])c([H])c1[H])c1c([H])c([H])c(Br)c([H])c1[H],155,0,O=C(CSc1nnc(-c2ccncc2)n1-c1ccccc1)NN=Cc1ccc(Br)cc1
155,[H]C(=NN([H])C(=O)C([H])([H])Sc1nnc(-c2c([H])c([H])nc([H])c2[H])n1-c1c([H])c([H])c([H])c([H])c1[H])c1c([H])c([H])c(Cl)c([H])c1[H],156,0,O=C(CSc1nnc(-c2ccncc2)n1-c1ccccc1)NN=Cc1ccc(Cl)cc1
156,[H]c1nc([H])c([H])c(-c2nnc(SC([H])([H])c3c([H])c([H])c([H])c(Br)c3[H])n2-c2c([H])c([H])c([H])c([H])c2[H])c1[H],157,2,Brc1cccc(CSc2nnc(-c3ccncc3)n2-c2ccccc2)c1
157,[H]c1nc([H])c([H])c(-c2nnc(SC([H])([H])c3c([H])c([H])c(F)c([H])c3F)n2-c2c([H])c([H])c([H])c([H])c2[H])c1[H],158,2,Fc1ccc(CSc2nnc(-c3ccncc3)n2-c2ccccc2)c(F)c1
158,[H]c1nc(N(C([H])([H])[H])S(=O)(=O)C([H])([H])[H])c(C([H])([H])N=c2c3c([H])c([H])n([H])c3nc([H])n2[H])c([H])c1[H],159,0,CN(c1ncccc1CN=c1[nH]cnc2[nH]ccc12)S(C)(=O)=O
159,[H]c1nc(N(C([H])([H])[H])S(=O)(=O)C([H])([H])[H])c(C([H])([H])N=c2c(Br)c([H])n([H])c3c2nc(-c2c([H])c([H])c(F)c([H])c2[H])n3[H])c([H])c1[H],160,0,CN(c1ncccc1CN=c1c(Br)c[nH]c2[nH]c(-c3ccc(F)cc3)nc12)S(C)(=O)=O
160,[H]c1c([H])c([H])c(C(=O)N([H])C([H])([H])[H])c(N=c2c(C(F)(F)F)c([H])n([H])c3c2c([H])c(-c2c([H])c([H])c(F)c([H])c2[H])n3[H])c1[H],161,0,CNC(=O)c1ccccc1N=c1c(C(F)(F)F)c[nH]c2[nH]c(-c3ccc(F)cc3)cc12
161,[H]c1nc([H])c(-c2c([H])c3c(=Nc4c([H])c([H])c([H])c([H])c4C(=O)N([H])C([H])([H])[H])c(C(F)(F)F)c([H])n([H])c3n2[H])c([H])c1[H],162,0,CNC(=O)c1ccccc1N=c1c(C(F)(F)F)c[nH]c2[nH]c(-c3cccnc3)cc12
162,[H]c1c([H])c([H])c(C(=O)N([H])C([H])([H])[H])c(N=c2c(C#N)c([H])n([H])c3c2c([H])c(-c2c([H])c([H])c(F)c([H])c2[H])n3[H])c1[H],163,0,CNC(=O)c1ccccc1N=c1c(C#N)c[nH]c2[nH]c(-c3ccc(F)cc3)cc12
163,[H]c1c([H])c([H])c(C(=O)N([H])C([H])([H])[H])c(N=c2c(C(F)(F)F)c([H])n([H])c3c2c([H])c(-c2c([H])c([H])c(N4C([H])([H])C([H])([H])OC([H])([H])C4([H])[H])c([H])c2[H])n3[H])c1[H],164,0,CNC(=O)c1ccccc1N=c1c(C(F)(F)F)c[nH]c2[nH]c(-c3ccc(N4CCOCC4)cc3)cc12
164,[H]c1nc(N2C([H])([H])C([H])([H])OC([H])([H])C2([H])[H])c([H])c([H])c1-c1c([H])c2c(=Nc3c([H])c([H])c([H])c([H])c3C(=O)N([H])C([H])([H])[H])c(C(F)(F)F)c([H])n([H])c2n1[H],165,0,CNC(=O)c1ccccc1N=c1c(C(F)(F)F)c[nH]c2[nH]c(-c3ccc(N4CCOCC4)nc3)cc12
165,[H]c1c(F)c([H])c(N=c2c(C(F)(F)F)c([H])n([H])c3c2c([H])c(-c2c([H])c([H])c(N4C([H])([H])C([H])([H])OC([H])([H])C4([H])[H])c([H])c2[H])n3[H])c([H])c1F,166,1,Fc1cc(F)cc(N=c2c(C(F)(F)F)c[nH]c3[nH]c(-c4ccc(N5CCOCC5)cc4)cc23)c1
166,[H]c1c([H])c([H])c(N=c2c(C(F)(F)F)c([H])n([H])c3c2c([H])c(-c2c([H])c([H])c(N4C([H])([H])C([H])([H])OC([H])([H])C4([H])[H])c([H])c2OC([H])([H])[H])n3[H])c(C#N)c1[H],167,1,COc1cc(N2CCOCC2)ccc1-c1cc2c(=Nc3ccccc3C#N)c(C(F)(F)F)c[nH]c2[nH]1
167,[H]Oc1c2c(N=c3c(C(F)(F)F)c([H])n([H])c4c3c([H])c(-c3c([H])c([H])c(F)c([H])c3[H])n4[H])c([H])c([H])c([H])c2c([H])n1C([H])([H])[H],168,1,Cn1cc2cccc(N=c3c(C(F)(F)F)c[nH]c4[nH]c(-c5ccc(F)cc5)cc34)c2c1O
168,[H]c1c([H])c(-c2c([H])c3c(=NC([H])([H])c4c([H])c(F)c([H])c([H])c4F)c(C(F)(F)F)c([H])n([H])c3n2[H])c([H])c([H])c1F,169,1,Fc1ccc(-c2cc3c(=NCc4cc(F)ccc4F)c(C(F)(F)F)c[nH]c3[nH]2)cc1
169,[H]c1c([H])c([H])c(C(=O)N([H])C([H])([H])[H])c(N=c2c(Br)c([H])n([H])c3c2nc(-c2c([H])c([H])c(F)c([H])c2[H])n3[H])c1[H],170,0,CNC(=O)c1ccccc1N=c1c(Br)c[nH]c2[nH]c(-c3ccc(F)cc3)nc12
170,[H]c1nc(N(C([H])([H])[H])S(=O)(=O)C([H])([H])[H])c(C([H])([H])N=c2c(C(F)(F)F)c([H])n([H])c3c2nc(-c2c([H])c([H])c(F)c([H])c2[H])n3[H])c([H])c1[H],171,0,CN(c1ncccc1CN=c1c(C(F)(F)F)c[nH]c2[nH]c(-c3ccc(F)cc3)nc12)S(C)(=O)=O
171,[H]c1nc(N(C([H])([H])[H])S(=O)(=O)C([H])([H])[H])c(C([H])([H])N=c2c(C(F)(F)F)c([H])n([H])c3c2nc(-c2c([H])c([H])c(Br)c([H])c2[H])n3[H])c([H])c1[H],172,0,CN(c1ncccc1CN=c1c(C(F)(F)F)c[nH]c2[nH]c(-c3ccc(Br)cc3)nc12)S(C)(=O)=O
172,[H]c1nc(N(C([H])([H])[H])S(=O)(=O)C([H])([H])[H])c(C([H])([H])N=c2c([H])c([H])n([H])c3c2c([H])c([H])n3[H])c([H])c1[H],173,0,CN(c1ncccc1CN=c1cc[nH]c2[nH]ccc12)S(C)(=O)=O
173,[H]c1nc(N(C([H])([H])[H])S(=O)(=O)C([H])([H])[H])c(C([H])([H])N=c2c(C([H])([H])[H])c([H])n([H])c3c2c([H])c([H])n3[H])c([H])c1[H],174,0,Cc1c[nH]c2[nH]ccc2c1=NCc1cccnc1N(C)S(C)(=O)=O
174,[H]c1nc(N(C([H])([H])[H])S(=O)(=O)C([H])([H])[H])c(C([H])([H])N=c2c([H])c([H])n([H])c3c2c([H])c(-c2c([H])c([H])c(F)c([H])c2[H])n3[H])c([H])c1[H],175,0,CN(c1ncccc1CN=c1cc[nH]c2[nH]c(-c3ccc(F)cc3)cc12)S(C)(=O)=O
175,[H]c1nc(N(C([H])([H])[H])S(=O)(=O)C([H])([H])[H])c(C([H])([H])N=c2c(C([H])([H])[H])c([H])n([H])c3c2c([H])c(-c2c([H])c([H])c(F)c([H])c2[H])n3[H])c([H])c1[H],176,0,Cc1c[nH]c2[nH]c(-c3ccc(F)cc3)cc2c1=NCc1cccnc1N(C)S(C)(=O)=O
176,[H]c1nc(N(C([H])([H])[H])S(=O)(=O)C([H])([H])[H])c(C([H])([H])N=c2c(C#N)c([H])n([H])c3c2c([H])c([H])n3[H])c([H])c1[H],177,0,CN(c1ncccc1CN=c1c(C#N)c[nH]c2[nH]ccc12)S(C)(=O)=O
177,[H]c1nc(N(C([H])([H])[H])S(=O)(=O)C([H])([H])[H])c(C([H])([H])N=c2c(C#N)c([H])n([H])c3c2c([H])c(-c2c([H])c([H])c([H])c([H])c2[H])n3[H])c([H])c1[H],178,0,CN(c1ncccc1CN=c1c(C#N)c[nH]c2[nH]c(-c3ccccc3)cc12)S(C)(=O)=O
178,[H]c1nc(N(C([H])([H])[H])S(=O)(=O)C([H])([H])[H])c(C([H])([H])N=c2c(C#N)c([H])n([H])c3c2c([H])c(-c2c([H])c([H])c(F)c([H])c2[H])n3[H])c([H])c1[H],179,0,CN(c1ncccc1CN=c1c(C#N)c[nH]c2[nH]c(-c3ccc(F)cc3)cc12)S(C)(=O)=O
179,[H]c1nc(N(C([H])([H])[H])S(=O)(=O)C([H])([H])[H])c(C([H])([H])N=c2c(C#N)c([H])n([H])c3c2c([H])c(C2([H])C([H])([H])C([H])([H])C([H])([H])C([H])([H])C2([H])[H])n3[H])c([H])c1[H],180,0,CN(c1ncccc1CN=c1c(C#N)c[nH]c2[nH]c(C3CCCCC3)cc12)S(C)(=O)=O
180,[H]c1nc(N(C([H])([H])[H])S(=O)(=O)C([H])([H])[H])c(C([H])([H])N=c2c(C#N)c([H])n([H])c3c2c([H])c(-c2c([H])c([H])c(C([H])([H])C([H])([H])C([H])([H])C([H])([H])[H])c([H])c2[H])n3[H])c([H])c1[H],181,0,CCCCc1ccc(-c2cc3c(=NCc4cccnc4N(C)S(C)(=O)=O)c(C#N)c[nH]c3[nH]2)cc1
181,[H]c1nc(N(C([H])([H])[H])S(=O)(=O)C([H])([H])[H])c(C([H])([H])N=c2c(C#N)c([H])n([H])c3c2c([H])c(-c2c([H])c([H])nc(C([H])([H])[H])c2[H])n3[H])c([H])c1[H],182,0,Cc1cc(-c2cc3c(=NCc4cccnc4N(C)S(C)(=O)=O)c(C#N)c[nH]c3[nH]2)ccn1
182,[H]c1nc(N(C([H])([H])[H])S(=O)(=O)C([H])([H])[H])c(C([H])([H])N=c2c(C(F)(F)F)c([H])n([H])c3c2c([H])c(-c2c([H])c([H])c(F)c([H])c2[H])n3[H])c([H])c1[H],183,0,CN(c1ncccc1CN=c1c(C(F)(F)F)c[nH]c2[nH]c(-c3ccc(F)cc3)cc12)S(C)(=O)=O
183,[H]c1c([H])c(C([H])([H])[H])c([H])c([H])c1C1=NN(C(=S)N([H])[H])C([H])(c2c([H])c([H])c3c([H])c([H])c([H])c([H])c3c2[H])C1([H])[H],184,0,Cc1ccc(C2=NN(C(N)=S)C(c3ccc4ccccc4c3)C2)cc1
184,[H]c1c([H])c(C2=NN(C(=S)N([H])[H])C([H])(c3c([H])c([H])c4c([H])c([H])c([H])c([H])c4c3[H])C2([H])[H])c([H])c(Cl)c1Cl,185,0,NC(=S)N1N=C(c2ccc(Cl)c(Cl)c2)CC1c1ccc2ccccc2c1
185,[H]c1c([H])c([H])c(N2N=C(c3c([H])c([H])c(OC([H])([H])[H])c([H])c3[H])C([H])([H])C2([H])c2c([H])c([H])c([H])c3c([H])c([H])c([H])c([H])c23)c([H])c1[H],186,0,COc1ccc(C2=NN(c3ccccc3)C(c3cccc4ccccc34)C2)cc1
186,[H]c1c([H])c([H])c(N2N=C(c3c([H])c([H])c(C([H])([H])[H])c([H])c3[H])C([H])([H])C2([H])c2c([H])c([H])c3c([H])c([H])c([H])c([H])c3c2[H])c([H])c1[H],187,0,Cc1ccc(C2=NN(c3ccccc3)C(c3ccc4ccccc4c3)C2)cc1
187,[H]c1c([H])c([H])c(N2N=C(c3c([H])c([H])c(Cl)c(Cl)c3[H])C([H])([H])C2([H])c2c([H])c([H])c3c([H])c([H])c([H])c([H])c3c2[H])c([H])c1[H],188,0,Clc1ccc(C2=NN(c3ccccc3)C(c3ccc4ccccc4c3)C2)cc1Cl
188,[H]c1c([H])c(C2=NN(C(=S)N([H])[H])C([H])(c3c([H])c([H])c([H])c4c([H])c([H])c([H])c([H])c34)C2([H])[H])c([H])c([H])c1OC([H])([H])[H],189,0,COc1ccc(C2=NN(C(N)=S)C(c3cccc4ccccc34)C2)cc1
189,[H]N=c1c([H])c([H])c(-c2c([H])c([H])c3c(c2[H])C([H])([H])N(C(=O)c2c([H])c([H])c(S(=O)(=O)C([H])([H])[H])c(F)c2C([H])([H])[H])C([H])([H])C([H])([H])O3)c([H])n1[H],190,0,Cc1c(C(=O)N2CCOc3ccc(-c4ccc(=N)[nH]c4)cc3C2)ccc(S(C)(=O)=O)c1F
190,[H]c1nn([H])c2c1S(=O)(=O)N(C([H])([H])[H])c1c([H])c([H])c(-c3c([H])c([H])c(C(=O)N([H])[H])c([H])c3[H])c([H])c1-2,191,0,CN1c2ccc(-c3ccc(C(N)=O)cc3)cc2-c2[nH]ncc2S1(=O)=O
191,[H]OC([H])([H])C([H])([H])N([H])C(=O)c1c([H])c([H])c(-c2c([H])c([H])c3c(c2[H])-c2c(c([H])nn2[H])S(=O)(=O)N3C([H])([H])[H])c([H])c1[H],192,0,CN1c2ccc(-c3ccc(C(=O)NCCO)cc3)cc2-c2[nH]ncc2S1(=O)=O
192,[H]OC([H])([H])C([H])([H])C1([H])C([H])([H])C([H])([H])N(C(=O)c2c([H])c([H])c(-c3c([H])c([H])c4c(c3[H])-c3c(c([H])nn3[H])S(=O)(=O)N4C([H])([H])[H])c([H])c2[H])C([H])([H])C1([H])[H],193,0,CN1c2ccc(-c3ccc(C(=O)N4CCC(CCO)CC4)cc3)cc2-c2[nH]ncc2S1(=O)=O
193,[H]c1nn(C([H])([H])[H])c2c1S(=O)(=O)N(C([H])([H])[H])c1c([H])c([H])c(-c3c([H])c([H])c(C([H])([H])C([H])([H])[H])c([H])c3[H])c([H])c1-2,194,0,CCc1ccc(-c2ccc3c(c2)-c2c(cnn2C)S(=O)(=O)N3C)cc1
194,[H]c1nn(C([H])([H])C([H])([H])[H])c2c1S(=O)(=O)N(C([H])([H])[H])c1c([H])c([H])c(-c3c([H])c([H])c(C([H])([H])C([H])([H])[H])c([H])c3[H])c([H])c1-2,195,0,CCc1ccc(-c2ccc3c(c2)-c2c(cnn2CC)S(=O)(=O)N3C)cc1
195,[H]c1c([H])c(C([H])([H])C([H])([H])[H])c([H])c([H])c1-c1c([H])c([H])c2c(c1[H])-c1nn(C([H])([H])[H])c([H])c1S(=O)(=O)N2C([H])([H])[H],196,0,CCc1ccc(-c2ccc3c(c2)-c2nn(C)cc2S(=O)(=O)N3C)cc1
196,[H]c1nn(C([H])([H])[H])c2c1S(=O)(=O)N(C([H])([H])[H])c1c([H])c([H])c(C(=O)N([H])c3c([H])c([H])c(F)c([H])c3[H])c([H])c1-2,197,0,CN1c2ccc(C(=O)Nc3ccc(F)cc3)cc2-c2c(cnn2C)S1(=O)=O
197,[H]c1nn(C([H])([H])[H])c2c1S(=O)(=O)N(C([H])([H])[H])c1c([H])c([H])c(C([H])([H])N([H])c3c([H])c([H])c(F)c([H])c3[H])c([H])c1-2,198,0,CN1c2ccc(CNc3ccc(F)cc3)cc2-c2c(cnn2C)S1(=O)=O
198,[H]c1nn(C([H])([H])[H])c2c1S(=O)(=O)N(C([H])([H])[H])c1c([H])c([H])c(N([H])C(=O)c3c([H])c([H])c(F)c([H])c3[H])c([H])c1-2,199,0,CN1c2ccc(NC(=O)c3ccc(F)cc3)cc2-c2c(cnn2C)S1(=O)=O
199,[H]c1nn(C([H])([H])[H])c2c1S(=O)(=O)N(C([H])([H])[H])c1c([H])c([H])c(N([H])C([H])([H])c3c([H])c([H])c(F)c([H])c3[H])c([H])c1-2,200,0,CN1c2ccc(NCc3ccc(F)cc3)cc2-c2c(cnn2C)S1(=O)=O
200,[H]c1nn(C([H])([H])[H])c2c1S(=O)(=O)N(C([H])([H])[H])c1c([H])c([H])c(N([H])c3c([H])c([H])c(F)c([H])c3[H])c([H])c1-2,201,0,CN1c2ccc(Nc3ccc(F)cc3)cc2-c2c(cnn2C)S1(=O)=O
201,[H]c1nn(C([H])([H])[H])c2c1S(=O)(=O)N(C([H])([H])[H])c1c([H])c([H])c(N([H])C([H])([H])c3c([H])c([H])c(Br)c([H])c3[H])c([H])c1-2,202,0,CN1c2ccc(NCc3ccc(Br)cc3)cc2-c2c(cnn2C)S1(=O)=O
202,[H]c1nn(C([H])([H])[H])c2c1S(=O)(=O)N(C([H])([H])[H])c1c([H])c([H])c(N([H])C([H])([H])c3c([H])c([H])c(C(C([H])([H])[H])(C([H])([H])[H])C([H])([H])[H])c([H])c3[H])c([H])c1-2,203,0,CN1c2ccc(NCc3ccc(C(C)(C)C)cc3)cc2-c2c(cnn2C)S1(=O)=O
203,[H]c1nn([H])c2c1S(=O)(=O)N(C([H])([H])[H])c1c([H])c([H])c(-c3c([H])c([H])c(C([H])([H])C([H])([H])[H])c([H])c3[H])c([H])c1-2,204,0,CCc1ccc(-c2ccc3c(c2)-c2[nH]ncc2S(=O)(=O)N3C)cc1
204,[H]c1c([H])c([N+](=O)[O-])c([H])c(C([H])([H])Sc2nnc(C([H])([H])n3nnc4c([H])c([H])c([H])c([H])c43)o2)c1[H],205,2,O=[N+]([O-])c1cccc(CSc2nnc(Cn3nnc4ccccc43)o2)c1
205,[H]c1c([H])c(C([H])([H])Sc2nnc(C([H])([H])n3nnc4c([H])c([H])c([H])c([H])c43)o2)c([H])c([H])c1F,206,2,Fc1ccc(CSc2nnc(Cn3nnc4ccccc43)o2)cc1
206,[H]c1c([H])c(C([H])([H])Sc2nnc(C([H])([H])n3nnc4c([H])c([H])c([H])c([H])c43)o2)c([H])c([H])c1Br,207,2,Brc1ccc(CSc2nnc(Cn3nnc4ccccc43)o2)cc1
207,[H]c1c([H])c(C([H])([H])Sc2nnc(C([H])([H])n3nnc4c([H])c([H])c([H])c([H])c43)o2)c([H])c([H])c1C([H])([H])[H],208,2,Cc1ccc(CSc2nnc(Cn3nnc4ccccc43)o2)cc1
208,[H]c1c([H])c(C([H])([H])Sc2nnc(C([H])([H])n3nnc4c([H])c([H])c([H])c([H])c43)o2)c([H])c([H])c1OC([H])([H])[H],209,2,COc1ccc(CSc2nnc(Cn3nnc4ccccc43)o2)cc1
209,[H]c1c([H])c(C([H])([H])Sc2nnc(C([H])([H])n3nnc4c([H])c([H])c([H])c([H])c43)o2)c([H])c([H])c1[N+](=O)[O-],210,2,O=[N+]([O-])c1ccc(CSc2nnc(Cn3nnc4ccccc43)o2)cc1
210,[H]c1c([H])c(C([H])([H])Sc2nnc(C([H])([H])n3nnc4c([H])c([H])c([H])c([H])c43)o2)c([H])c(Cl)c1Cl,211,2,Clc1ccc(CSc2nnc(Cn3nnc4ccccc43)o2)cc1Cl
211,[H]c1c([H])c(C([H])([H])Sc2nnc(C([H])([H])n3nnc4c([H])c([H])c([H])c([H])c43)o2)c([H])c(F)c1F,212,2,Fc1ccc(CSc2nnc(Cn3nnc4ccccc43)o2)cc1F
212,[H]c1c([H])c([H])c(C([H])([H])Sc2nnc(C([H])([H])n3nnc4c([H])c([H])c([H])c([H])c43)o2)c(F)c1[H],213,2,Fc1ccccc1CSc1nnc(Cn2nnc3ccccc32)o1
213,[H]c1c([H])c([H])c(C([H])([H])Sc2nnc(C([H])([H])n3nnc4c([H])c([H])c([H])c([H])c43)o2)c(Cl)c1[H],214,2,Clc1ccccc1CSc1nnc(Cn2nnc3ccccc32)o1
214,[H]c1c([H])c([H])c(C([H])([H])Sc2nnc(C([H])([H])n3nnc4c([H])c([H])c([H])c([H])c43)o2)c(Br)c1[H],215,2,Brc1ccccc1CSc1nnc(Cn2nnc3ccccc32)o1
215,[H]c1c([H])c([H])c(C([H])([H])Sc2nnc(C([H])([H])n3nnc4c([H])c([H])c([H])c([H])c43)o2)c(C([H])([H])[H])c1[H],216,2,Cc1ccccc1CSc1nnc(Cn2nnc3ccccc32)o1
216,[H]c1c([H])c([H])c(C([H])([H])Sc2nnc(C([H])([H])n3nnc4c([H])c([H])c([H])c([H])c43)o2)c(OC([H])([H])[H])c1[H],217,2,COc1ccccc1CSc1nnc(Cn2nnc3ccccc32)o1
217,[H]c1c([H])c([H])c(C([H])([H])Sc2nnc(C([H])([H])n3nnc4c([H])c([H])c([H])c([H])c43)o2)c([N+](=O)[O-])c1[H],218,2,O=[N+]([O-])c1ccccc1CSc1nnc(Cn2nnc3ccccc32)o1
218,[H]c1c([H])c(F)c([H])c(C([H])([H])Sc2nnc(C([H])([H])n3nnc4c([H])c([H])c([H])c([H])c43)o2)c1[H],219,2,Fc1cccc(CSc2nnc(Cn3nnc4ccccc43)o2)c1
219,[H]c1c([H])c(Cl)c([H])c(C([H])([H])Sc2nnc(C([H])([H])n3nnc4c([H])c([H])c([H])c([H])c43)o2)c1[H],220,2,Clc1cccc(CSc2nnc(Cn3nnc4ccccc43)o2)c1
220,[H]c1c([H])c(Br)c([H])c(C([H])([H])Sc2nnc(C([H])([H])n3nnc4c([H])c([H])c([H])c([H])c43)o2)c1[H],221,2,Brc1cccc(CSc2nnc(Cn3nnc4ccccc43)o2)c1
221,[H]c1c([H])c(C([H])([H])[H])c([H])c(C([H])([H])Sc2nnc(C([H])([H])n3nnc4c([H])c([H])c([H])c([H])c43)o2)c1[H],222,2,Cc1cccc(CSc2nnc(Cn3nnc4ccccc43)o2)c1
222,[H]c1c([H])c(OC([H])([H])[H])c([H])c(C([H])([H])Sc2nnc(C([H])([H])n3nnc4c([H])c([H])c([H])c([H])c43)o2)c1[H],223,2,COc1cccc(CSc2nnc(Cn3nnc4ccccc43)o2)c1
223,[H]c1c([H])c([H])c(C(=O)N([H])C([H])(C([H])([H])[H])C([H])([H])[H])c(N=c2n([H])c([H])nc(=Nc3c([H])c([H])c(C([H])([H])N([H])[H])c([H])c3[H])n2[H])c1[H],224,0,CC(C)NC(=O)c1ccccc1N=c1[nH]cnc(=Nc2ccc(CN)cc2)[nH]1
224,[H]c1c([H])c([H])c(C(=O)N([H])C([H])(C([H])([H])C([H])([H])[H])C([H])([H])C([H])([H])[H])c(N=c2n([H])c([H])nc(=Nc3c([H])c([H])c(C([H])([H])N([H])[H])c([H])c3[H])n2[H])c1[H],225,0,CCC(CC)NC(=O)c1ccccc1N=c1[nH]cnc(=Nc2ccc(CN)cc2)[nH]1
225,[H]c1c([H])c([H])c(C(=O)N([H])C([H])(C([H])([H])[H])C([H])([H])[H])c(N=c2nc([H])n([H])c(=Nc3c([H])c(OC([H])([H])[H])c(OC([H])([H])[H])c(OC([H])([H])[H])c3[H])n2[H])c1[H],226,0,COc1cc(N=c2[nH]cnc(=Nc3ccccc3C(=O)NC(C)C)[nH]2)cc(OC)c1OC
226,[H]c1c([H])c([H])c(C(=O)N([H])C2([H])C([H])([H])C2([H])[H])c(N=c2nc([H])n([H])c(=Nc3c([H])c(OC([H])([H])[H])c(OC([H])([H])[H])c(OC([H])([H])[H])c3[H])n2[H])c1[H],227,0,COc1cc(N=c2[nH]cnc(=Nc3ccccc3C(=O)NC3CC3)[nH]2)cc(OC)c1OC
227,[H]c1c([H])c([H])c(C(=O)N([H])C([H])(C([H])([H])C([H])([H])[H])C([H])([H])C([H])([H])[H])c(N=c2n([H])c([H])nc(=Nc3c([H])c(OC([H])([H])[H])c(OC([H])([H])[H])c(OC([H])([H])[H])c3[H])n2[H])c1[H],228,0,CCC(CC)NC(=O)c1ccccc1N=c1[nH]cnc(=Nc2cc(OC)c(OC)c(OC)c2)[nH]1
228,[H]c1c([H])c([H])c(C(=O)N([H])C2([H])C([H])([H])C([H])([H])C([H])([H])C2([H])[H])c(N=c2nc([H])n([H])c(=Nc3c([H])c(OC([H])([H])[H])c(OC([H])([H])[H])c(OC([H])([H])[H])c3[H])n2[H])c1[H],229,0,COc1cc(N=c2[nH]cnc(=Nc3ccccc3C(=O)NC3CCCC3)[nH]2)cc(OC)c1OC
229,[H]OC([H])([H])C([H])([H])N([H])C(=O)c1c([H])c([H])c([H])c([H])c1N=c1nc([H])n([H])c(=Nc2c([H])c(OC([H])([H])[H])c(OC([H])([H])[H])c(OC([H])([H])[H])c2[H])n1[H],230,0,COc1cc(N=c2[nH]cnc(=Nc3ccccc3C(=O)NCCO)[nH]2)cc(OC)c1OC
230,[H]c1c([H])c([H])c(C(=O)N([H])C([H])([H])C([H])([H])N(C([H])([H])[H])C([H])([H])[H])c(N=c2nc([H])n([H])c(=Nc3c([H])c(OC([H])([H])[H])c(OC([H])([H])[H])c(OC([H])([H])[H])c3[H])n2[H])c1[H],231,0,COc1cc(N=c2[nH]cnc(=Nc3ccccc3C(=O)NCCN(C)C)[nH]2)cc(OC)c1OC
231,[H]c1c([H])c([H])c(C(=O)OC([H])([H])[H])c(N=c2n([H])c([H])nc(=Nc3c([H])c(OC([H])([H])[H])c(OC([H])([H])[H])c(OC([H])([H])[H])c3[H])n2[H])c1[H],232,0,COC(=O)c1ccccc1N=c1[nH]cnc(=Nc2cc(OC)c(OC)c(OC)c2)[nH]1
232,[H]c1c([H])c([H])c(N([H])S(=O)(=O)C([H])([H])[H])c(N=c2nc([H])n([H])c(=Nc3c([H])c([H])c(OC([H])([H])[H])c([H])c3OC([H])([H])[H])n2[H])c1[H],233,0,COc1ccc(N=c2[nH]cnc(=Nc3ccccc3NS(C)(=O)=O)[nH]2)c(OC)c1
233,[H]c1c([H])c([H])c(C(=O)N([H])C([H])([H])[H])c(N=c2n([H])c([H])nc(=Nc3c([H])c([H])c(OC([H])([H])[H])c([H])c3OC([H])([H])[H])n2[H])c1[H],234,0,CNC(=O)c1ccccc1N=c1[nH]cnc(=Nc2ccc(OC)cc2OC)[nH]1
234,[H]c1c([H])c([H])c(N([H])C(=O)C([H])([H])[H])c(N=c2nc([H])n([H])c(=Nc3c([H])c([H])c(OC([H])([H])[H])c([H])c3OC([H])([H])[H])n2[H])c1[H],235,0,COc1ccc(N=c2[nH]cnc(=Nc3ccccc3NC(C)=O)[nH]2)c(OC)c1
235,[H]c1c([H])c([H])c(C(=O)N([H])C([H])([H])[H])c(N=c2n([H])c([H])nc(=Nc3c([H])c([H])c(N4C([H])([H])C([H])([H])OC([H])([H])C4([H])[H])c([H])c3OC([H])([H])[H])n2[H])c1[H],236,0,CNC(=O)c1ccccc1N=c1[nH]cnc(=Nc2ccc(N3CCOCC3)cc2OC)[nH]1
236,[H]c1c([H])c([H])c(C(=O)N([H])C([H])([H])[H])c(N=c2n([H])c([H])nc(=Nc3c([H])c(OC([H])([H])[H])c(OC([H])([H])[H])c(C([H])([H])C([H])([H])C(=O)N([H])[H])c3[H])n2[H])c1[H],237,0,CNC(=O)c1ccccc1N=c1[nH]cnc(=Nc2cc(CCC(N)=O)c(OC)c(OC)c2)[nH]1
237,[H]c1c([H])c([H])c(N([H])S(=O)(=O)C([H])([H])[H])c(N=c2n([H])c([H])nc(=Nc3c([H])c([H])c(C([H])([H])N([H])[H])c([H])c3[H])n2[H])c1[H],238,0,CS(=O)(=O)Nc1ccccc1N=c1[nH]cnc(=Nc2ccc(CN)cc2)[nH]1
238,[H]c1c([H])c([H])c(C(=O)N([H])C([H])([H])[H])c(N=c2n([H])c([H])nc(=Nc3c([H])c([H])c(C([H])([H])N([H])[H])c([H])c3[H])n2[H])c1[H],239,0,CNC(=O)c1ccccc1N=c1[nH]cnc(=Nc2ccc(CN)cc2)[nH]1
239,[H]c1c([H])c([H])c(C(=O)N([H])C([H])([H])C([H])([H])[H])c(N=c2n([H])c([H])nc(=Nc3c([H])c([H])c(C([H])([H])N([H])[H])c([H])c3[H])n2[H])c1[H],240,0,CCNC(=O)c1ccccc1N=c1[nH]cnc(=Nc2ccc(CN)cc2)[nH]1
240,[H]c1c([H])c([H])c(N([H])S(=O)(=O)C([H])([H])[H])c(N=c2nc(Cl)n([H])c(=Nc3c([H])c(OC([H])([H])[H])c(OC([H])([H])[H])c(OC([H])([H])[H])c3[H])n2[H])c1[H],241,0,COc1cc(N=c2[nH]c(Cl)nc(=Nc3ccccc3NS(C)(=O)=O)[nH]2)cc(OC)c1OC
241,[H]c1c([H])c([H])c(N([H])S(=O)(=O)C([H])([H])[H])c(N=c2nc([H])n([H])c(=Nc3c([H])c(OC([H])([H])[H])c(OC([H])([H])[H])c(OC([H])([H])[H])c3[H])n2[H])c1[H],242,0,COc1cc(N=c2[nH]cnc(=Nc3ccccc3NS(C)(=O)=O)[nH]2)cc(OC)c1OC
242,[H]c1c([H])c([H])c(N([H])S(=O)(=O)C([H])([H])[H])c(N=c2n([H])c(=Nc3c([H])c(OC([H])([H])[H])c(OC([H])([H])[H])c(OC([H])([H])[H])c3[H])n([H])c(=NC([H])([H])[H])n2[H])c1[H],243,0,CN=c1[nH]c(=Nc2cc(OC)c(OC)c(OC)c2)[nH]c(=Nc2ccccc2NS(C)(=O)=O)[nH]1
243,[H]c1c([H])c(N=c2nc(Cl)n([H])c(=Nc3c([H])c(OC([H])([H])[H])c(OC([H])([H])[H])c(OC([H])([H])[H])c3[H])n2[H])c([H])c(N([H])S(=O)(=O)C([H])([H])[H])c1[H],244,0,COc1cc(N=c2[nH]c(Cl)nc(=Nc3cccc(NS(C)(=O)=O)c3)[nH]2)cc(OC)c1OC
244,[H]c1c([H])c(N=c2nc([H])n([H])c(=Nc3c([H])c(OC([H])([H])[H])c(OC([H])([H])[H])c(OC([H])([H])[H])c3[H])n2[H])c([H])c(N([H])S(=O)(=O)C([H])([H])[H])c1[H],245,0,COc1cc(N=c2[nH]cnc(=Nc3cccc(NS(C)(=O)=O)c3)[nH]2)cc(OC)c1OC
245,[H]c1c([H])c(N=c2n([H])c(=Nc3c([H])c(OC([H])([H])[H])c(OC([H])([H])[H])c(OC([H])([H])[H])c3[H])n([H])c(=NC([H])([H])[H])n2[H])c([H])c(N([H])S(=O)(=O)C([H])([H])[H])c1[H],246,0,CN=c1[nH]c(=Nc2cccc(NS(C)(=O)=O)c2)[nH]c(=Nc2cc(OC)c(OC)c(OC)c2)[nH]1
246,[H]c1c([H])c([H])c(N([H])S(=O)(=O)C([H])([H])[H])c(N=c2nc(C([H])([H])[H])n([H])c(=Nc3c([H])c(OC([H])([H])[H])c(OC([H])([H])[H])c(OC([H])([H])[H])c3[H])n2[H])c1[H],247,0,COc1cc(N=c2[nH]c(C)nc(=Nc3ccccc3NS(C)(=O)=O)[nH]2)cc(OC)c1OC
247,[H]c1c([H])c([H])c(N([H])C(=O)C([H])([H])[H])c(N=c2nc(C([H])([H])[H])n([H])c(=Nc3c([H])c(OC([H])([H])[H])c(OC([H])([H])[H])c(OC([H])([H])[H])c3[H])n2[H])c1[H],248,0,COc1cc(N=c2[nH]c(C)nc(=Nc3ccccc3NC(C)=O)[nH]2)cc(OC)c1OC
248,[H]c1c([H])c([H])c(N([H])C(=O)OC([H])([H])[H])c(N=c2n([H])c(C([H])([H])[H])nc(=Nc3c([H])c(OC([H])([H])[H])c(OC([H])([H])[H])c(OC([H])([H])[H])c3[H])n2[H])c1[H],249,0,COC(=O)Nc1ccccc1N=c1[nH]c(C)nc(=Nc2cc(OC)c(OC)c(OC)c2)[nH]1
249,[H]c1c([H])c([H])c(N([H])C(=O)N(C([H])([H])[H])C([H])([H])[H])c(N=c2nc(C([H])([H])[H])n([H])c(=Nc3c([H])c(OC([H])([H])[H])c(OC([H])([H])[H])c(OC([H])([H])[H])c3[H])n2[H])c1[H],250,0,COc1cc(N=c2[nH]c(C)nc(=Nc3ccccc3NC(=O)N(C)C)[nH]2)cc(OC)c1OC
250,[H]c1c([H])c([H])c(C(=O)N([H])C([H])([H])[H])c(N=c2n([H])c([H])nc(=Nc3c([H])c(OC([H])([H])[H])c(OC([H])([H])[H])c(OC([H])([H])[H])c3[H])n2[H])c1[H],251,0,CNC(=O)c1ccccc1N=c1[nH]cnc(=Nc2cc(OC)c(OC)c(OC)c2)[nH]1
251,[H]c1c([H])c(Oc2c([H])c([H])c3nc(=NC(=O)C4([H])C([H])([H])C4([H])[H])n([H])n3c2[H])c([H])c(N([H])C(=O)c2c([H])c(C([H])([H])[H])nn2C([H])([H])[H])c1F,252,0,Cc1cc(C(=O)Nc2cc(Oc3ccc4nc(=NC(=O)C5CC5)[nH]n4c3)ccc2F)n(C)n1
252,[H]N=c1c2nc([H])n(-c3c([H])c([H])c(N([H])C(=O)N=c4c([H])c(C(C([H])([H])[H])(C([H])([H])[H])C([H])([H])[H])n([H])n4-c4c([H])c([H])c(C([H])([H])[H])c([H])c4[H])c([H])c3[H])c2nc([H])n1[H],253,0,Cc1ccc(-n2[nH]c(C(C)(C)C)cc2=NC(=O)Nc2ccc(-n3cnc4c(=N)[nH]cnc43)cc2)cc1
253,[H]c1c([H])c(-n2c([H])nc(C([H])([H])[H])c2[H])c([H])c([H])c1N([H])C(=O)N=c1c([H])c(C(C([H])([H])[H])(C([H])([H])[H])C([H])([H])[H])n([H])n1-c1c([H])c([H])c(C([H])([H])[H])c([H])c1[H],254,0,Cc1ccc(-n2[nH]c(C(C)(C)C)cc2=NC(=O)Nc2ccc(-n3cnc(C)c3)cc2)cc1
254,[H]c1nc([H])n(-c2c([H])c([H])c(N([H])C(=O)N=c3c([H])c(C(C([H])([H])[H])(C([H])([H])[H])C([H])([H])[H])n([H])n3-c3c([H])c([H])c(C([H])([H])[H])c([H])c3[H])c([H])c2[H])c1[H],255,0,Cc1ccc(-n2[nH]c(C(C)(C)C)cc2=NC(=O)Nc2ccc(-n3ccnc3)cc2)cc1
255,[H]c1c([H])c(-n2c([H])nnc2[H])c([H])c([H])c1N([H])C(=O)N=c1c([H])c(C(C([H])([H])[H])(C([H])([H])[H])C([H])([H])[H])n([H])n1-c1c([H])c([H])c(C([H])([H])[H])c([H])c1[H],256,0,Cc1ccc(-n2[nH]c(C(C)(C)C)cc2=NC(=O)Nc2ccc(-n3cnnc3)cc2)cc1
256,[H]c1c([H])c(N([H])C(=O)N=c2c([H])c(C(C([H])([H])[H])(C([H])([H])[H])C([H])([H])[H])n([H])n2-c2c([H])c([H])c(C([H])([H])[H])c([H])c2[H])c([H])c([H])c1-c1nn([H])c(=S)n1C([H])([H])[H],257,0,Cc1ccc(-n2[nH]c(C(C)(C)C)cc2=NC(=O)Nc2ccc(-c3n[nH]c(=S)n3C)cc2)cc1
257,[H]c1c([H])c(-n2c([H])nc(Cl)c2Cl)c([H])c([H])c1N([H])C(=O)N=c1c([H])c(C(C([H])([H])[H])(C([H])([H])[H])C([H])([H])[H])n([H])n1-c1c([H])c([H])c(C([H])([H])[H])c([H])c1[H],258,0,Cc1ccc(-n2[nH]c(C(C)(C)C)cc2=NC(=O)Nc2ccc(-n3cnc(Cl)c3Cl)cc2)cc1
258,[H]c1nc([H])n(-c2c([H])c([H])c(N([H])C(=O)N=c3c([H])c(C(C([H])([H])[H])(C([H])([H])[H])C([H])([H])[H])n([H])n3-c3c([H])c([H])c(C([H])([H])[H])c([H])c3[H])c([H])c2[H])c1C([H])([H])[H],259,0,Cc1ccc(-n2[nH]c(C(C)(C)C)cc2=NC(=O)Nc2ccc(-n3cncc3C)cc2)cc1
259,[H]c1snnc1-c1c([H])c([H])c(N([H])C(=O)N=c2c([H])c(C(C([H])([H])[H])(C([H])([H])[H])C([H])([H])[H])n([H])n2-c2c([H])c([H])c(C([H])([H])[H])c([H])c2[H])c([H])c1[H],260,0,Cc1ccc(-n2[nH]c(C(C)(C)C)cc2=NC(=O)Nc2ccc(-c3csnn3)cc2)cc1
260,[H]c1c([H])c(-n2nnnc2C([H])([H])[H])c([H])c([H])c1N([H])C(=O)N=c1c([H])c(C(C([H])([H])[H])(C([H])([H])[H])C([H])([H])[H])n([H])n1-c1c([H])c([H])c(C([H])([H])[H])c([H])c1[H],261,0,Cc1ccc(-n2[nH]c(C(C)(C)C)cc2=NC(=O)Nc2ccc(-n3nnnc3C)cc2)cc1
261,[H]c1nc([H])c(-c2c([H])c([H])c(N([H])C(=O)N=c3c([H])c(C(C([H])([H])[H])(C([H])([H])[H])C([H])([H])[H])n([H])n3-c3c([H])c([H])c(C([H])([H])[H])c([H])c3[H])c([H])c2[H])o1,262,0,Cc1ccc(-n2[nH]c(C(C)(C)C)cc2=NC(=O)Nc2ccc(-c3cnco3)cc2)cc1
262,[H]c1c([H])c(-n2nnnc2[H])c([H])c([H])c1N([H])C(=O)N=c1c([H])c(C(C([H])([H])[H])(C([H])([H])[H])C([H])([H])[H])n([H])n1-c1c([H])c([H])c(C([H])([H])[H])c([H])c1[H],263,0,Cc1ccc(-n2[nH]c(C(C)(C)C)cc2=NC(=O)Nc2ccc(-n3cnnn3)cc2)cc1
263,[H]c1c([H])c(N([H])C(=O)N=c2c([H])c(C(C([H])([H])[H])(C([H])([H])[H])C([H])([H])[H])n([H])n2-c2c([H])c([H])c(C([H])([H])[H])c([H])c2[H])c([H])c([H])c1-c1nnc([H])n1C([H])([H])[H],264,0,Cc1ccc(-n2[nH]c(C(C)(C)C)cc2=NC(=O)Nc2ccc(-c3nncn3C)cc2)cc1
264,[H]c1nc([H])c(-c2c([H])c([H])c(N([H])C(=O)N=c3c([H])c(C(C([H])([H])[H])(C([H])([H])[H])C([H])([H])[H])n([H])n3-c3c([H])c([H])c(C([H])([H])[H])c([H])c3[H])c([H])c2[H])c([H])c1[H],265,0,Cc1ccc(-n2[nH]c(C(C)(C)C)cc2=NC(=O)Nc2ccc(-c3cccnc3)cc2)cc1
265,[H]N=c1c([H])c([H])c(-c2c([H])c([H])c(N([H])C(=O)N=c3c([H])c(C(C([H])([H])[H])(C([H])([H])[H])C([H])([H])[H])n([H])n3-c3c([H])c([H])c(C([H])([H])[H])c([H])c3[H])c([H])c2[H])c([H])n1[H],266,0,Cc1ccc(-n2[nH]c(C(C)(C)C)cc2=NC(=O)Nc2ccc(-c3ccc(=N)[nH]c3)cc2)cc1
266,[H]c1nc([H])c([H])c(-c2c([H])c([H])c(N([H])C(=O)N=c3c([H])c(C(C([H])([H])[H])(C([H])([H])[H])C([H])([H])[H])n([H])n3-c3c([H])c([H])c(C([H])([H])[H])c([H])c3[H])c([H])c2[H])c1[H],267,0,Cc1ccc(-n2[nH]c(C(C)(C)C)cc2=NC(=O)Nc2ccc(-c3ccncc3)cc2)cc1
267,[H]c1c(OC([H])([H])[H])nc(-c2c([H])c([H])c(N([H])C(=O)N=c3c([H])c(C(C([H])([H])[H])(C([H])([H])[H])C([H])([H])[H])n([H])n3-c3c([H])c([H])c(C([H])([H])[H])c([H])c3[H])c([H])c2[H])nc1OC([H])([H])[H],268,0,COc1cc(OC)nc(-c2ccc(NC(=O)N=c3cc(C(C)(C)C)[nH]n3-c3ccc(C)cc3)cc2)n1
268,[H]c1nc(OC([H])([H])[H])c([H])c([H])c1-c1c([H])c([H])c(N([H])C(=O)N=c2c([H])c(C(C([H])([H])[H])(C([H])([H])[H])C([H])([H])[H])n([H])n2-c2c([H])c([H])c(C([H])([H])[H])c([H])c2[H])c([H])c1[H],269,0,COc1ccc(-c2ccc(NC(=O)N=c3cc(C(C)(C)C)[nH]n3-c3ccc(C)cc3)cc2)cn1
269,[H]c1nc(OC([H])([H])c2c([H])c([H])c([H])c([H])c2[H])c([H])c([H])c1-c1c([H])c([H])c(N([H])C(=O)N=c2c([H])c(C(C([H])([H])[H])(C([H])([H])[H])C([H])([H])[H])n([H])n2-c2c([H])c([H])c(C([H])([H])[H])c([H])c2[H])c([H])c1[H],270,0,Cc1ccc(-n2[nH]c(C(C)(C)C)cc2=NC(=O)Nc2ccc(-c3ccc(OCc4ccccc4)nc3)cc2)cc1
270,[H]c1c([H])c([H])c(C(=O)N([H])C([H])([H])[H])c(N=c2c([H])c(N([H])c3c([H])c([H])c(N4C([H])([H])C([H])([H])OC([H])([H])C4([H])[H])c([H])c3OC([H])([H])[H])n([H])c([H])c2C(F)(F)F)c1[H],271,0,CNC(=O)c1ccccc1N=c1cc(Nc2ccc(N3CCOCC3)cc2OC)[nH]cc1C(F)(F)F
271,[H]Oc1c([H])c2c([H])c(N=c3n([H])c([H])c(C(F)(F)F)c(=NC([H])([H])c4c(N(C([H])([H])[H])S(=O)(=O)C([H])([H])[H])nc([H])c([H])c4[H])n3[H])c([H])c([H])c2n1[H],272,0,CN(c1ncccc1CN=c1[nH]c(=Nc2ccc3[nH]c(O)cc3c2)[nH]cc1C(F)(F)F)S(C)(=O)=O
272,[H]Oc1c([H])c(O[H])c(-c2onc(C(=O)N([H])C3([H])C([H])([H])C([H])([H])N(C4([H])C([H])([H])C([H])([H])C5(OC([H])([H])C([H])([H])O5)C([H])([H])C4([H])[H])C([H])([H])C3([H])[H])c2[H])c(Oc2c([H])c([H])c(N(C([H])([H])[H])C([H])([H])[H])c([H])c2[H])c1[H],273,0,CN(C)c1ccc(Oc2cc(O)cc(O)c2-c2cc(C(=O)NC3CCN(C4CCC5(CC4)OCCO5)CC3)no2)cc1
273,[H]Oc1c([H])c(O[H])c(-c2onc(C(=O)N([H])C3([H])C([H])([H])C([H])([H])N(C([H])([H])[H])C([H])([H])C3([H])[H])c2[H])c(Oc2c([H])c([H])c([N+](=O)[O-])c([H])c2[H])c1[H],274,0,CN1CCC(NC(=O)c2cc(-c3c(O)cc(O)cc3Oc3ccc([N+](=O)[O-])cc3)on2)CC1
274,[H]Oc1c([H])c(O[H])c(-c2onc(C(=O)N([H])C3([H])C([H])([H])C([H])([H])N(C([H])([H])[H])C([H])([H])C3([H])[H])c2[H])c(Oc2c([H])c([H])c(N(C([H])([H])[H])C([H])([H])[H])c([H])c2[H])c1[H],275,0,CN1CCC(NC(=O)c2cc(-c3c(O)cc(O)cc3Oc3ccc(N(C)C)cc3)on2)CC1
275,[H]Oc1c([H])c(O[H])c(-c2onc(C(=O)N([H])C3([H])C([H])([H])C([H])([H])N(C([H])([H])[H])C([H])([H])C3([H])[H])c2[H])c(Oc2c([H])c([H])c(N([H])C([H])(C([H])([H])[H])C([H])([H])[H])c([H])c2[H])c1[H],276,0,CC(C)Nc1ccc(Oc2cc(O)cc(O)c2-c2cc(C(=O)NC3CCN(C)CC3)no2)cc1
276,[H]c1c([H])c(-n2c([H])c([H])c3c([H])n([H])c(=Nc4c([H])c(OC([H])([H])[H])c(OC([H])([H])[H])c(OC([H])([H])[H])c4[H])nc32)c([H])c(C([H])([H])N([H])[H])c1[H],277,1,COc1cc(N=c2nc3c(ccn3-c3cccc(CN)c3)c[nH]2)cc(OC)c1OC
277,[H]c1c(Cl)c(N=c2c(C#N)c([H])n([H])c3c([H])c(OC([H])([H])C([H])([H])C([H])([H])N4C([H])([H])C([H])([H])N(C([H])([H])[H])C([H])([H])C4([H])[H])c(OC([H])([H])[H])c([H])c23)c([H])c(OC([H])([H])[H])c1Cl,278,1,COc1cc(N=c2c(C#N)c[nH]c3cc(OCCCN4CCN(C)CC4)c(OC)cc23)c(Cl)cc1Cl
278,[H]c1nc(C([H])([H])Sc2sc(=NC(=O)C3([H])C([H])([H])C([H])([H])N([H])C([H])([H])C3([H])[H])n([H])c2[H])oc1C(C([H])([H])[H])(C([H])([H])[H])C([H])([H])[H],279,0,CC(C)(C)c1cnc(CSc2c[nH]c(=NC(=O)C3CCNCC3)s2)o1
279,[H]c1c([H])c(N([H])S(=O)(=O)N([H])C([H])([H])[H])c([H])c(C([H])([H])c2c(C([H])([H])[H])c3c([H])c(Cl)c(OC(=O)N(C([H])([H])[H])C([H])([H])[H])c([H])c3oc2=O)c1[H],280,0,CNS(=O)(=O)Nc1cccc(Cc2c(C)c3cc(Cl)c(OC(=O)N(C)C)cc3oc2=O)c1
280,[H]Oc1c(O[H])c2c(c(C([H])([H])[H])c1O[H])C1([H])Oc3c(O[H])c(O[H])c(C([H])([H])[H])c(C([H])=O)c3C([H])(O1)C2=O,281,0,Cc1c(O)c(O)c2c(c1C=O)C1OC(O2)c2c(C)c(O)c(O)c(O)c2C1=O
281,[H]Oc1c(O[H])c(C([H])([H])[H])c2c(OC([H])([H])[H])oc(O[H])c2c1O[H],282,2,COc1oc(O)c2c(O)c(O)c(O)c(C)c12
282,[H]Oc1c(O[H])c(C([H])=O)c(C([H])([H])OC([H])([H])[H])c(C([H])([H])[H])c1O[H],283,0,COCc1c(C)c(O)c(O)c(O)c1C=O
283,[H]Oc1c(O[H])c(C([H])([H])[H])c2c([H])oc(O[H])c2c1O[H],284,2,Cc1c(O)c(O)c(O)c2c(O)occ12
284,[H]Oc1c(O[H])c(C([H])=O)c(-c2oc3c(O[H])c(O[H])c(C([H])([H])[H])c(C([H])=O)c3c2[H])c(C([H])([H])[H])c1O[H],285,2,Cc1c(O)c(O)c(O)c(C=O)c1-c1cc2c(C=O)c(C)c(O)c(O)c2o1
285,[H]Oc1c([H])c(N=C([H])C([H])([H])C([H])(C([H])([H])[H])C([H])([H])[H])c(O[H])c(C([H])([H])C2(C([H])([H])[H])C([H])(C([H])([H])[H])C([H])([H])C([H])([H])C3(C([H])([H])[H])C(C([H])([H])[H])=C([H])C([H])([H])C([H])([H])C32[H])c1O[H],286,0,CC1=CCCC2C1(C)CCC(C)C2(C)Cc1c(O)c(O)cc(N=CCC(C)C)c1O
286,[H]Oc1c(OC([H])([H])[H])c([H])c2nc(C([H])([H])[H])oc2c1C([H])([H])C1(C([H])([H])[H])C([H])(C([H])([H])[H])C([H])([H])C([H])([H])C2(C([H])([H])[H])C(C([H])([H])[H])=C([H])C([H])([H])C([H])([H])C21[H],287,0,COc1cc2nc(C)oc2c(CC2(C)C(C)CCC3(C)C(C)=CCCC32)c1O
287,[H]Oc1c([H])c(C(=O)OC([H])([H])[H])c([H])c(C([H])([H])C2(C([H])([H])[H])C([H])(C([H])([H])[H])C([H])([H])C([H])([H])C3(C([H])([H])[H])C(C([H])([H])[H])=C([H])C([H])([H])C([H])([H])C32[H])c1O[H],288,0,COC(=O)c1cc(O)c(O)c(CC2(C)C(C)CCC3(C)C(C)=CCCC32)c1
288,[H]c1c([H])c([H])c(-c2sc3nc(C([H])([H])Sc4nn([H])c(=NC([H])([H])C5([H])OC([H])([H])C([H])([H])C5([H])[H])s4)n([H])c(=O)c3c2[H])c([H])c1[H],289,0,O=c1[nH]c(CSc2n[nH]c(=NCC3CCCO3)s2)nc2sc(-c3ccccc3)cc12
289,[H]c1c([H])c(C([H])([H])c2sc(=NC(=O)C([H])([H])C([H])([H])c3nc(=O)c4c([H])c([H])c([H])c([H])c4n3[H])n([H])c2[H])c([H])c(F)c1F,290,0,O=C(CCc1nc(=O)c2ccccc2[nH]1)N=c1[nH]cc(Cc2ccc(F)c(F)c2)s1
290,[H]N=c1c(OC([H])(c2c([H])c(F)c([H])c([H])c2-n2nc([H])c([H])n2)C([H])([H])[H])c([H])c(-c2sc(C(O[H])(C([H])([H])[H])C([H])([H])O[H])nc2C([H])([H])[H])c([H])n1[H],291,2,Cc1nc(C(C)(O)CO)sc1-c1c[nH]c(=N)c(OC(C)c2cc(F)ccc2-n2nccn2)c1
291,[H]ON=C1C(=O)N([H])C([H])([H])C([H])([H])c2c([H])c(Br)c(O[H])c(c2[H])Oc2c([H])c([H])c(c([H])c2Br)C([H])([H])C([H])=NC(=O)C(=NO[H])C([H])([H])c2c([H])c(Br)c(O[H])c(c2[H])Oc2c([H])c([H])c(c([H])c2Br)C1([H])[H],292,0,O=C1N=CCc2ccc(c(Br)c2)Oc2cc(cc(Br)c2O)CCNC(=O)C(=NO)Cc2ccc(c(Br)c2)Oc2cc(cc(Br)c2O)CC1=NO
292,[H]c1c([H])c(C(=O)N([H])C([H])([H])C([H])([H])N2C([H])([H])C([H])([H])C([H])([H])C2([H])[H])c([H])c(-n2c([H])c([H])c3c([H])n([H])c(=Nc4c([H])c(OC([H])([H])[H])c(OC([H])([H])[H])c(OC([H])([H])[H])c4[H])nc32)c1[H],293,0,COc1cc(N=c2nc3c(ccn3-c3cccc(C(=O)NCCN4CCCC4)c3)c[nH]2)cc(OC)c1OC
293,[H]c1nc(-n2c([H])c([H])c3c([H])n([H])c(=Nc4c([H])c(OC([H])([H])[H])c([H])c([H])c4C([H])([H])[H])nc32)c([H])c([H])c1[H],294,1,COc1ccc(C)c(N=c2nc3c(ccn3-c3ccccn3)c[nH]2)c1
294,[H]c1c([H])c([H])c([N+](=O)[O-])c(-n2c([H])c([H])c3c([H])n([H])c(=Nc4c([H])c(OC([H])([H])[H])c(OC([H])([H])[H])c(OC([H])([H])[H])c4[H])nc32)c1[H],295,1,COc1cc(N=c2nc3c(ccn3-c3ccccc3[N+](=O)[O-])c[nH]2)cc(OC)c1OC
295,[H]c1c([H])c([H])c(-n2c([H])c([H])c3c([H])n([H])c(=Nc4c([H])c(OC([H])([H])[H])c(OC([H])([H])[H])c(OC([H])([H])[H])c4[H])nc32)c(N([H])C(=O)C([H])([H])[H])c1[H],296,0,COc1cc(N=c2nc3c(ccn3-c3ccccc3NC(C)=O)c[nH]2)cc(OC)c1OC
296,[H]c1nc(-n2c([H])c([H])c3c([H])n([H])c(=Nc4c([H])c([H])c([H])c([H])c4F)nc32)c([H])c([H])c1[H],297,1,Fc1ccccc1N=c1nc2c(ccn2-c2ccccn2)c[nH]1
297,[H]c1c([H])c(C(=O)N([H])C([H])([H])C([H])([H])[H])c([H])c(-n2c([H])c([H])c3c([H])n([H])c(=Nc4c([H])c(OC([H])([H])[H])c(OC([H])([H])[H])c(OC([H])([H])[H])c4[H])nc32)c1[H],298,0,CCNC(=O)c1cccc(-n2ccc3c[nH]c(=Nc4cc(OC)c(OC)c(OC)c4)nc32)c1
298,[H]c1nc([H])c(-n2c([H])c([H])c3c([H])n([H])c(=Nc4c([H])c(OC([H])([H])[H])c(OC([H])([H])[H])c(OC([H])([H])[H])c4[H])nc32)c([H])c1[H],299,1,COc1cc(N=c2nc3c(ccn3-c3cccnc3)c[nH]2)cc(OC)c1OC
299,[H]OC(=O)c1c([H])c([H])c(-n2c([H])c([H])c3c([H])n([H])c(=Nc4c([H])c(OC([H])([H])[H])c(OC([H])([H])[H])c(OC([H])([H])[H])c4[H])nc32)c([H])c1[H],300,0,COc1cc(N=c2nc3c(ccn3-c3ccc(C(=O)O)cc3)c[nH]2)cc(OC)c1OC
300,[H]c1c([H])c([H])c(C([H])([H])C([H])([H])[H])c(-n2c([H])c([H])c3c([H])n([H])c(=Nc4c([H])c(OC([H])([H])[H])c(OC([H])([H])[H])c(OC([H])([H])[H])c4[H])nc32)c1[H],301,1,CCc1ccccc1-n1ccc2c[nH]c(=Nc3cc(OC)c(OC)c(OC)c3)nc21
301,[H]c1nc(-n2c([H])c([H])c3c([H])n([H])c(=Nc4c([H])c(C(=O)N([H])[H])c([H])c([H])c4C([H])([H])[H])nc32)c([H])c([H])c1[H],302,0,Cc1ccc(C(N)=O)cc1N=c1nc2c(ccn2-c2ccccn2)c[nH]1
302,[H]c1c([H])c([H])c(-n2c([H])c([H])c3c([H])n([H])c(=Nc4c([H])c(OC([H])([H])[H])c(OC([H])([H])[H])c(OC([H])([H])[H])c4[H])nc32)c(N([H])[H])c1[H],303,1,COc1cc(N=c2nc3c(ccn3-c3ccccc3N)c[nH]2)cc(OC)c1OC
303,[H]OC([H])([H])C([H])([H])N([H])C(=O)c1c([H])c([H])c([H])c(-n2c([H])c([H])c3c([H])n([H])c(=Nc4c([H])c(OC([H])([H])[H])c(OC([H])([H])[H])c(OC([H])([H])[H])c4[H])nc32)c1[H],304,0,COc1cc(N=c2nc3c(ccn3-c3cccc(C(=O)NCCO)c3)c[nH]2)cc(OC)c1OC
304,[H]c1c(N=c2nc3c(c([H])c([H])n3-c3c([H])c([H])c(SC([H])([H])[H])c([H])c3[H])c([H])n2[H])c([H])c(OC([H])([H])[H])c(OC([H])([H])[H])c1OC([H])([H])[H],305,1,COc1cc(N=c2nc3c(ccn3-c3ccc(SC)cc3)c[nH]2)cc(OC)c1OC
305,[H]c1c([H])c([H])c(-n2c([H])c([H])c3c([H])n([H])c(=Nc4c([H])c(OC([H])([H])[H])c(OC([H])([H])[H])c(OC([H])([H])[H])c4[H])nc32)c(C(=O)N([H])C([H])([H])C([H])([H])N([H])[H])c1[H],306,0,COc1cc(N=c2nc3c(ccn3-c3ccccc3C(=O)NCCN)c[nH]2)cc(OC)c1OC
306,[H]c1c([H])c(C(=O)N([H])C([H])([H])C([H])([H])N(C([H])([H])[H])C([H])([H])[H])c([H])c(-n2c([H])c([H])c3c([H])n([H])c(=Nc4c([H])c(OC([H])([H])[H])c(OC([H])([H])[H])c(OC([H])([H])[H])c4[H])nc32)c1[H],307,0,COc1cc(N=c2nc3c(ccn3-c3cccc(C(=O)NCCN(C)C)c3)c[nH]2)cc(OC)c1OC
307,[H]c1c([H])c(-n2c([H])c([H])c3c([H])n([H])c(=Nc4c([H])c(OC([H])([H])[H])c(OC([H])([H])[H])c(OC([H])([H])[H])c4[H])nc32)c([H])c(C([H])([H])C(=O)N([H])C([H])([H])C([H])([H])C([H])([H])N([H])[H])c1[H],308,0,COc1cc(N=c2nc3c(ccn3-c3cccc(CC(=O)NCCCN)c3)c[nH]2)cc(OC)c1OC
308,[H]c1nc(-n2c([H])c([H])c3c([H])n([H])c(=Nc4c([H])c([H])c([H])c([H])c4C([H])(C([H])([H])[H])C([H])([H])[H])nc32)c([H])c([H])c1[H],309,1,CC(C)c1ccccc1N=c1nc2c(ccn2-c2ccccn2)c[nH]1
309,[H]c1c(C(=O)N([H])C([H])([H])C#N)nc(-n2c([H])c([H])c3c([H])n([H])c(=Nc4c([H])c(OC([H])([H])[H])c(OC([H])([H])[H])c(OC([H])([H])[H])c4[H])nc32)c([H])c1[H],310,0,COc1cc(N=c2nc3c(ccn3-c3cccc(C(=O)NCC#N)n3)c[nH]2)cc(OC)c1OC
310,[H]c1c(C(=O)N([H])C([H])([H])C([H])([H])C#N)nc(-n2c([H])c([H])c3c([H])n([H])c(=Nc4c([H])c(OC([H])([H])[H])c(OC([H])([H])[H])c(OC([H])([H])[H])c4[H])nc32)c([H])c1[H],311,0,COc1cc(N=c2nc3c(ccn3-c3cccc(C(=O)NCCC#N)n3)c[nH]2)cc(OC)c1OC
311,[H]OC([H])([H])C([H])([H])C([H])([H])N([H])C(=O)c1c([H])c([H])c([H])c(-n2c([H])c([H])c3c([H])n([H])c(=Nc4c([H])c(OC([H])([H])[H])c(OC([H])([H])[H])c(OC([H])([H])[H])c4[H])nc32)c1[H],312,0,COc1cc(N=c2nc3c(ccn3-c3cccc(C(=O)NCCCO)c3)c[nH]2)cc(OC)c1OC
312,[H]c1c([H])c(C(=O)N([H])C([H])([H])[H])c([H])c(-n2c([H])c([H])c3c([H])n([H])c(=Nc4c([H])c(OC([H])([H])[H])c(OC([H])([H])[H])c(OC([H])([H])[H])c4[H])nc32)c1[H],313,0,CNC(=O)c1cccc(-n2ccc3c[nH]c(=Nc4cc(OC)c(OC)c(OC)c4)nc32)c1
313,[H]c1c([H])c([H])c(-n2c([H])c([H])c3c([H])n([H])c(=Nc4c([H])c(OC([H])([H])[H])c(OC([H])([H])[H])c(OC([H])([H])[H])c4[H])nc32)c(C(=O)OC([H])([H])[H])c1[H],314,0,COC(=O)c1ccccc1-n1ccc2c[nH]c(=Nc3cc(OC)c(OC)c(OC)c3)nc21
314,[H]c1nc([H])c([H])c(-n2c([H])c([H])c3c([H])n([H])c(=Nc4c([H])c(OC([H])([H])[H])c(OC([H])([H])[H])c(OC([H])([H])[H])c4[H])nc32)c1[H],315,1,COc1cc(N=c2nc3c(ccn3-c3ccncc3)c[nH]2)cc(OC)c1OC
315,[H]c1c(N=c2nc3c(c([H])c([H])n3-c3c([H])c([H])c(C([H])([H])C([H])([H])[H])c([H])c3[H])c([H])n2[H])c([H])c(OC([H])([H])[H])c(OC([H])([H])[H])c1OC([H])([H])[H],316,1,CCc1ccc(-n2ccc3c[nH]c(=Nc4cc(OC)c(OC)c(OC)c4)nc32)cc1
316,[H]c1nc(-n2c(=O)c([H])c([H])c3c([H])n([H])c(=Nc4c([H])c(OC([H])([H])[H])c(OC([H])([H])[H])c(OC([H])([H])[H])c4[H])nc32)c([H])c([H])c1[H],317,1,COc1cc(N=c2nc3c(ccc(=O)n3-c3ccccn3)c[nH]2)cc(OC)c1OC
317,[H]c1nc(-n2c([H])c([H])c3c([H])n([H])c(=Nc4c([H])c([H])c([H])c([H])c4SC([H])([H])[H])nc32)c([H])c([H])c1[H],318,1,CSc1ccccc1N=c1nc2c(ccn2-c2ccccn2)c[nH]1
318,[H]c1c([H])c(C(=O)OC([H])([H])[H])c([H])c(-n2c([H])c([H])c3c([H])n([H])c(=Nc4c([H])c(OC([H])([H])[H])c(OC([H])([H])[H])c(OC([H])([H])[H])c4[H])nc32)c1[H],319,0,COC(=O)c1cccc(-n2ccc3c[nH]c(=Nc4cc(OC)c(OC)c(OC)c4)nc32)c1
319,[H]c1nc(-n2c([H])c([H])c3c([H])n([H])c(=Nc4c([H])c([H])c([H])c(SC([H])([H])[H])c4[H])nc32)c([H])c([H])c1[H],320,1,CSc1cccc(N=c2nc3c(ccn3-c3ccccn3)c[nH]2)c1
320,[H]c1nc(-n2c([H])c([H])c3c([H])n([H])c(=NC([H])([H])c4c([H])c(OC([H])([H])[H])c(OC([H])([H])[H])c(OC([H])([H])[H])c4[H])nc32)c([H])c([H])c1[H],321,1,COc1cc(CN=c2nc3c(ccn3-c3ccccn3)c[nH]2)cc(OC)c1OC
321,[H]c1c([H])c(-n2c([H])c([H])c3c([H])n([H])c(=Nc4c([H])c(OC([H])([H])[H])c(OC([H])([H])[H])c(OC([H])([H])[H])c4[H])nc32)c([H])c(C([H])([H])C([H])([H])C(=O)N([H])C([H])([H])C(=O)OC([H])([H])[H])c1[H],322,0,COC(=O)CNC(=O)CCc1cccc(-n2ccc3c[nH]c(=Nc4cc(OC)c(OC)c(OC)c4)nc32)c1
322,[H]c1c([H])c(-n2c([H])c([H])c3c([H])n([H])c(=Nc4c([H])c(OC([H])([H])[H])c(OC([H])([H])[H])c(OC([H])([H])[H])c4[H])nc32)c([H])c(C([H])([H])C#N)c1[H],323,1,COc1cc(N=c2nc3c(ccn3-c3cccc(CC#N)c3)c[nH]2)cc(OC)c1OC
323,[H]c1c(N=c2nc3c(c([H])c([H])n3-c3c([H])c([H])c([N+](=O)[O-])c([H])c3[H])c([H])n2[H])c([H])c(OC([H])([H])[H])c(OC([H])([H])[H])c1OC([H])([H])[H],324,1,COc1cc(N=c2nc3c(ccn3-c3ccc([N+](=O)[O-])cc3)c[nH]2)cc(OC)c1OC
324,[H]c1c(N=c2nc(N=c3c([H])c([H])c([H])c([H])n3[H])c(Br)c([H])n2[H])c([H])c(OC([H])([H])[H])c(OC([H])([H])[H])c1OC([H])([H])[H],325,1,COc1cc(N=c2nc(N=c3cccc[nH]3)c(Br)c[nH]2)cc(OC)c1OC
325,[H]c1nc(-n2c([H])c([H])c3c([H])n([H])c(=Nc4c([H])c([H])c([H])c([H])c4C([H])([H])C([H])([H])[H])nc32)c([H])c([H])c1[H],326,1,CCc1ccccc1N=c1nc2c(ccn2-c2ccccn2)c[nH]1
326,[H]c1nc(-n2c([H])c([H])c3c([H])n([H])c(=Nc4c([H])c([H])c([H])c5c4C([H])([H])C([H])([H])C([H])([H])C5([H])[H])nc32)c([H])c([H])c1[H],327,1,c1ccc(-n2ccc3c[nH]c(=Nc4cccc5c4CCCC5)nc32)nc1
327,[H]c1nc([H])c(-n2c([H])c([H])c3c([H])n([H])c(=Nc4c([H])c(OC([H])([H])[H])c(OC([H])([H])[H])c(OC([H])([H])[H])c4[H])nc32)c(Cl)c1[H],328,1,COc1cc(N=c2nc3c(ccn3-c3cnccc3Cl)c[nH]2)cc(OC)c1OC
328,[H]c1nc(N2c3nc(=Nc4c([H])c(OC([H])([H])[H])c(OC([H])([H])[H])c(OC([H])([H])[H])c4[H])n([H])c([H])c3C([H])([H])C2([H])[H])c([H])c([H])c1[H],329,1,COc1cc(N=c2nc3c(c[nH]2)CCN3c2ccccn2)cc(OC)c1OC
329,[H]c1c([H])c(-n2c([H])c([H])c3c([H])n([H])c(=Nc4c([H])c(OC([H])([H])[H])c(OC([H])([H])[H])c(OC([H])([H])[H])c4[H])nc32)c([H])c(C([H])([H])C(=O)N([H])C([H])([H])[H])c1[H],330,0,CNC(=O)Cc1cccc(-n2ccc3c[nH]c(=Nc4cc(OC)c(OC)c(OC)c4)nc32)c1
330,[H]OC1([H])N(c2nc([H])c([H])c([H])c2[H])c2nc(=Nc3c([H])c(OC([H])([H])[H])c(OC([H])([H])[H])c(OC([H])([H])[H])c3[H])n([H])c([H])c2C([H])([H])C1([H])[H],331,1,COc1cc(N=c2nc3c(c[nH]2)CCC(O)N3c2ccccn2)cc(OC)c1OC
331,[H]c1nc(-n2c(C(=O)OC([H])([H])[H])c([H])c3c([H])n([H])c(=Nc4c([H])c(OC([H])([H])[H])c(OC([H])([H])[H])c(OC([H])([H])[H])c4[H])nc32)c([H])c([H])c1[H],332,0,COC(=O)c1cc2c[nH]c(=Nc3cc(OC)c(OC)c(OC)c3)nc2n1-c1ccccn1
332,[H]c1nc(Cl)nc(-n2c([H])c([H])c3c([H])n([H])c(=Nc4c([H])c(OC([H])([H])[H])c(OC([H])([H])[H])c(OC([H])([H])[H])c4[H])nc32)c1[H],333,1,COc1cc(N=c2nc3c(ccn3-c3ccnc(Cl)n3)c[nH]2)cc(OC)c1OC
333,[H]c1nc(-n2c([H])c([H])c3c([H])n([H])c(=Nc4c([H])c(I)c([H])c([H])c4C([H])([H])[H])nc32)c([H])c([H])c1[H],334,1,Cc1ccc(I)cc1N=c1nc2c(ccn2-c2ccccn2)c[nH]1
334,[H]c1c([H])c([H])c2c(c1[H])c1c3c(c4c5c([H])c([H])c([H])c([H])c5n5c4c1n2C1([H])OC5(C([H])([H])[H])C([H])(OC([H])([H])[H])C([H])(N([H])C([H])([H])[H])C1([H])[H])C([H])([H])N([H])C3=O,335,0,CNC1CC2OC(C)(C1OC)n1c3ccccc3c3c4c(c5c6ccccc6n2c5c31)C(=O)NC4
335,[H]OC([H])(c1c([H])c([H])c([H])c(Cl)c1[H])C([H])([H])N([H])c1c([H])c([H])n([H])c(=O)c1-c1nc2c(C([H])([H])[H])c([H])c(N3C([H])([H])C([H])([H])OC([H])([H])C3([H])[H])c([H])c2n1[H],336,0,Cc1cc(N2CCOCC2)cc2[nH]c(-c3c(NCC(O)c4cccc(Cl)c4)cc[nH]c3=O)nc12
336,[H]N=c1c2c(-c3c([H])c([H])c4c([H])c([H])c(-c5c([H])c([H])c([H])c([H])c5[H])nc4c3[H])nc(C3([H])C([H])([H])C([H])(C([H])([H])N4C([H])([H])C([H])([H])C4([H])[H])C3([H])[H])n2c([H])c([H])n1[H],337,0,N=c1[nH]ccn2c(C3CC(CN4CCC4)C3)nc(-c3ccc4ccc(-c5ccccc5)nc4c3)c12
337,[H]c1c(C(=O)N([H])C([H])([H])C([H])([H])N(C([H])([H])[H])C([H])([H])[H])nc(-n2c([H])c([H])c3c([H])n([H])c(=Nc4c([H])c(OC([H])([H])[H])c(OC([H])([H])[H])c(OC([H])([H])[H])c4[H])nc32)c([H])c1[H],338,0,COc1cc(N=c2nc3c(ccn3-c3cccc(C(=O)NCCN(C)C)n3)c[nH]2)cc(OC)c1OC
338,[H]c1nc([H])c([H])c(C([H])([H])C([H])([H])n2c([H])c([H])c3c([H])n([H])c(=Nc4c([H])c(OC([H])([H])[H])c(OC([H])([H])[H])c(OC([H])([H])[H])c4[H])nc32)c1[H],339,1,COc1cc(N=c2nc3c(ccn3CCc3ccncc3)c[nH]2)cc(OC)c1OC
339,[H]c1nc([H])c(C([H])([H])n2c([H])c([H])c3c([H])n([H])c(=Nc4c([H])c(OC([H])([H])[H])c(OC([H])([H])[H])c(OC([H])([H])[H])c4[H])nc32)c([H])c1[H],340,1,COc1cc(N=c2nc3c(ccn3Cc3cccnc3)c[nH]2)cc(OC)c1OC
340,[H]c1nc(N2c3nc(=Nc4c([H])c(OC([H])([H])[H])c(OC([H])([H])[H])c(OC([H])([H])[H])c4[H])n([H])c([H])c3C([H])([H])C([H])([H])C2([H])[H])c([H])c([H])c1[H],341,1,COc1cc(N=c2nc3c(c[nH]2)CCCN3c2ccccn2)cc(OC)c1OC
341,[H]c1nc(-n2c([H])c([H])c3c([H])n([H])c(=Nc4c([H])c([H])c5c(c4[H])OC([H])([H])O5)nc32)c([H])c([H])c1[H],342,1,c1ccc(-n2ccc3c[nH]c(=Nc4ccc5c(c4)OCO5)nc32)nc1
342,[H]c1c([H])c([H])c(C([H])([H])[H])c(-n2c([H])c([H])c3c([H])n([H])c(=Nc4c([H])c(OC([H])([H])[H])c(OC([H])([H])[H])c(OC([H])([H])[H])c4[H])nc32)c1[H],343,1,COc1cc(N=c2nc3c(ccn3-c3ccccc3C)c[nH]2)cc(OC)c1OC
343,[H]Oc1c([H])c([H])c([H])c(N=c2nc3c(c([H])c([H])n3-c3nc([H])c([H])c([H])c3[H])c([H])n2[H])c1[H],344,1,Oc1cccc(N=c2nc3c(ccn3-c3ccccn3)c[nH]2)c1
344,[H]c1c([H])c(-n2c([H])c([H])c3c([H])n([H])c(=Nc4c([H])c(OC([H])([H])[H])c(OC([H])([H])[H])c(OC([H])([H])[H])c4[H])nc32)c([H])c(C([H])([H])C(=O)N([H])C2([H])C([H])([H])C2([H])[H])c1[H],345,0,COc1cc(N=c2nc3c(ccn3-c3cccc(CC(=O)NC4CC4)c3)c[nH]2)cc(OC)c1OC
345,[H]c1c([H])c(N=c2n([H])c([H])c([H])c(=Nc3c(Cl)c([H])c([H])c4c3OC([H])([H])O4)n2[H])c([H])c(S(=O)(=O)C([H])([H])[H])c1[H],346,0,CS(=O)(=O)c1cccc(N=c2[nH]ccc(=Nc3c(Cl)ccc4c3OCO4)[nH]2)c1
346,[H]c1nc([H])c([H])c(N=c2n([H])c([H])c(C(F)(F)F)c(=NC3([H])C([H])([H])C([H])([H])C([H])([H])C3([H])N(C([H])([H])[H])C([H])([H])[H])n2[H])c1[H],347,0,CN(C)C1CCCC1N=c1[nH]c(=Nc2ccncc2)[nH]cc1C(F)(F)F
347,[H]c1c([H])c([H])c(C([H])([H])N=c2c(C(F)(F)F)c([H])n([H])c(=Nc3c([H])c([H])c4c(c3[H])C([H])([H])S(=O)(=O)N4[H])n2[H])c(N(C([H])([H])[H])S(=O)(=O)C([H])([H])[H])c1[H],348,0,CN(c1ccccc1CN=c1[nH]c(=Nc2ccc3c(c2)CS(=O)(=O)N3)[nH]cc1C(F)(F)F)S(C)(=O)=O
348,[H]c1c([H])c2c(c([H])c1N=c1n([H])c([H])c(C(F)(F)F)c(=NC3([H])C([H])([H])C([H])([H])C([H])([H])C3([H])N(C([H])([H])[H])C([H])([H])[H])n1[H])C([H])([H])S(=O)(=O)N2[H],349,0,CN(C)C1CCCC1N=c1[nH]c(=Nc2ccc3c(c2)CS(=O)(=O)N3)[nH]cc1C(F)(F)F
349,[H]Oc1c(-c2c([H])c(OC([H])([H])[H])c(OC([H])([H])[H])c(OC([H])([H])[H])c2[H])c(-c2c([H])n(C([H])([H])OC([H])([H])c3c([H])c([H])c([H])c([H])c3[H])c3c([H])c([H])c([H])c([H])c23)c([H])n1[H],350,2,COc1cc(-c2c(-c3cn(COCc4ccccc4)c4ccccc34)c[nH]c2O)cc(OC)c1OC
350,[H]c1c([H])c(N=c2n([H])c([H])c(C(F)(F)F)c(=NC3([H])C([H])([H])C([H])([H])C([H])([H])C3([H])N(C([H])([H])[H])C([H])([H])[H])n2[H])c([H])c(C(=O)N(C([H])([H])[H])C([H])([H])[H])c1[H],351,0,CN(C)C(=O)c1cccc(N=c2[nH]cc(C(F)(F)F)c(=NC3CCCC3N(C)C)[nH]2)c1
351,[H]Oc1c([H])c(O[H])c2c(=O)c3c(C([H])([H])[H])c(O[H])c(O[H])c([H])c3oc2c1[H],352,2,Cc1c(O)c(O)cc2oc3cc(O)cc(O)c3c(=O)c12
352,[H]c1c([H])c(C(=O)N(C([H])([H])C([H])([H])[H])C([H])([H])C([H])([H])[H])c([H])c([H])c1N=c1n([H])c([H])c(C(F)(F)F)c(=NC2([H])C([H])([H])C([H])([H])C([H])([H])C2([H])N(C([H])([H])[H])C([H])([H])[H])n1[H],353,0,CCN(CC)C(=O)c1ccc(N=c2[nH]cc(C(F)(F)F)c(=NC3CCCC3N(C)C)[nH]2)cc1
353,[H]c1c([H])c2c(c([H])c1N=c1n([H])c([H])c(C(F)(F)F)c(=NC3([H])C([H])([H])C([H])([H])C([H])([H])C3([H])N(C([H])([H])[H])C([H])([H])[H])n1[H])C1([H])N(C(=O)C([H])([H])[H])C2([H])C([H])([H])C1([H])[H],354,0,CC(=O)N1C2CCC1c1cc(N=c3[nH]cc(C(F)(F)F)c(=NC4CCCC4N(C)C)[nH]3)ccc12
354,[H]Oc1c([H])c([H])c(C([H])([H])[H])c(C([H])([H])C([H])([H])C2([H])C(=O)C([H])([H])C([H])([H])C3(C([H])([H])[H])C2([H])C([H])([H])C([H])(O[H])C3([H])C([H])(C([H])([H])[H])C([H])([H])C([H])([H])C([H])([H])C([H])(C([H])([H])[H])C([H])([H])[H])c1[H],355,0,Cc1ccc(O)cc1CCC1C(=O)CCC2(C)C1CC(O)C2C(C)CCCC(C)C
355,[H]Oc1c([H])c([H])c(C([H])([H])[H])c(C([H])([H])C([H])([H])C2([H])C(=O)C([H])([H])C([H])([H])C3(C([H])([H])[H])C2([H])C([H])([H])C([H])([H])C3([H])C([H])(C([H])([H])[H])C([H])([H])C([H])([H])C([H])([H])C([H])(C([H])([H])[H])C([H])([H])[H])c1[H],356,0,Cc1ccc(O)cc1CCC1C(=O)CCC2(C)C(C(C)CCCC(C)C)CCC12
356,[H]c1c([H])c([H])c(C(=O)N([H])C([H])([H])[H])c(N=c2c(Cl)c([H])n([H])c(=Nc3c([H])c([H])c(N4C([H])([H])C([H])([H])OC([H])([H])C4([H])[H])c([H])c3OC([H])([H])[H])n2[H])c1[H],357,0,CNC(=O)c1ccccc1N=c1[nH]c(=Nc2ccc(N3CCOCC3)cc2OC)[nH]cc1Cl
357,[H]c1nn(C([H])([H])C([H])([H])N([H])c2c([H])c([H])n([H])c(=O)c2-c2nc3c(C([H])([H])[H])c([H])c(C4([H])C([H])([H])C([H])([H])N(C([H])([H])C([H])([H])C([H])([H])F)C([H])([H])C4([H])[H])c([H])c3n2[H])c([H])c1Cl,358,0,Cc1cc(C2CCN(CCCF)CC2)cc2[nH]c(-c3c(NCCn4cc(Cl)cn4)cc[nH]c3=O)nc12
358,[H]Oc1c([H])c([H])c(N([H])C(=S)N([H])C(=O)c2c([H])c([H])c([N+](=O)[O-])c([H])c2[H])c([H])c1-c1nc2c([H])c([H])c([H])c([H])c2s1,359,0,O=C(NC(=S)Nc1ccc(O)c(-c2nc3ccccc3s2)c1)c1ccc([N+](=O)[O-])cc1
359,[H]Oc1c([H])c([H])c(C([H])([H])[H])c(C([H])([H])C([H])([H])C2([H])C([H])(O[H])C([H])([H])C([H])([H])C3(C([H])([H])[H])C2([H])C([H])([H])C([H])(O[H])C3([H])C([H])(C([H])([H])[H])C([H])([H])C([H])([H])C([H])([H])C([H])(C([H])([H])[H])C([H])([H])[H])c1[H],360,0,Cc1ccc(O)cc1CCC1C(O)CCC2(C)C1CC(O)C2C(C)CCCC(C)C
360,[H]Oc1c([H])c(O[H])c2c(=O)c3c(C([H])([H])[H])c([H])c(O[H])c([H])c3oc2c1[H],361,2,Cc1cc(O)cc2oc3cc(O)cc(O)c3c(=O)c12
361,[H]c1nc(C([H])([H])N=c2c(C(F)(F)F)c([H])n([H])c(=Nc3c([H])c([H])c4c(c3[H])c([H])c([H])n4C([H])([H])[H])n2[H])c([H])c([H])c1[H],362,1,Cn1ccc2cc(N=c3[nH]cc(C(F)(F)F)c(=NCc4ccccn4)[nH]3)ccc21
362,[H]Oc1c([H])c2c([H])c(N=c3n([H])c([H])c(Br)c(=NC([H])([H])c4nc([H])c([H])c([H])c4[H])n3[H])c([H])c([H])c2n1[H],363,1,Oc1cc2cc(N=c3[nH]cc(Br)c(=NCc4ccccn4)[nH]3)ccc2[nH]1
363,[H]Oc1c([H])c2c([H])c(N=c3n([H])c([H])c(C#N)c(=NC([H])([H])c4nc([H])c([H])c([H])c4[H])n3[H])c([H])c([H])c2n1[H],364,1,N#Cc1c[nH]c(=Nc2ccc3[nH]c(O)cc3c2)[nH]c1=NCc1ccccn1
364,[H]Oc1c([H])c2c([H])c(N=c3n([H])c([H])c(C(F)(F)F)c(=NC([H])([H])c4nc([H])c([H])c([H])c4[H])n3[H])c([H])c([H])c2n1[H],365,1,Oc1cc2cc(N=c3[nH]cc(C(F)(F)F)c(=NCc4ccccn4)[nH]3)ccc2[nH]1
365,[H]Oc1c([H])c2c([H])c(N=c3n([H])c([H])c(C(F)(F)F)c(=NC([H])([H])c4c([H])c([H])c([H])c([H])c4[H])n3[H])c([H])c([H])c2n1[H],366,1,Oc1cc2cc(N=c3[nH]cc(C(F)(F)F)c(=NCc4ccccc4)[nH]3)ccc2[nH]1
366,[H]c1nc(C([H])([H])N=c2c(C(F)(F)F)c([H])n([H])c(=Nc3c([H])c([H])c4c(c([H])nn4[H])c3[H])n2[H])c([H])c([H])c1[H],367,1,FC(F)(F)c1c[nH]c(=Nc2ccc3[nH]ncc3c2)[nH]c1=NCc1ccccn1
367,[H]Oc1c([H])c2c([H])c(N=c3n([H])c([H])c([H])c(=NC([H])([H])c4nc([H])c([H])c([H])c4[H])n3[H])c([H])c([H])c2n1[H],368,1,Oc1cc2cc(N=c3[nH]ccc(=NCc4ccccn4)[nH]3)ccc2[nH]1
368,[H]Oc1c([H])c2c([H])c(N=c3n([H])c([H])c(C([H])([H])[H])c(=NC([H])([H])c4nc([H])c([H])c([H])c4[H])n3[H])c([H])c([H])c2n1[H],369,1,Cc1c[nH]c(=Nc2ccc3[nH]c(O)cc3c2)[nH]c1=NCc1ccccn1
369,[H]c1c([H])c2c(c([H])c1N=c1n([H])c([H])c(C(F)(F)F)c(=NC3([H])C([H])([H])C([H])([H])C([H])([H])C3([H])N(C([H])([H])[H])C([H])([H])[H])n1[H])C([H])([H])C([H])([H])S2(=O)=O,370,0,CN(C)C1CCCC1N=c1[nH]c(=Nc2ccc3c(c2)CCS3(=O)=O)[nH]cc1C(F)(F)F
370,[H]Oc1c([H])c2c([H])c(N=c3n([H])c([H])c(C(F)(F)F)c(=NC([H])([H])c4c([H])c([H])c([H])c([H])c4N(C([H])([H])[H])S(=O)(=O)C([H])([H])[H])n3[H])c([H])c([H])c2n1[H],371,0,CN(c1ccccc1CN=c1[nH]c(=Nc2ccc3[nH]c(O)cc3c2)[nH]cc1C(F)(F)F)S(C)(=O)=O
371,[H]C(=NN([H])C(=O)C([H])([H])Sc1nnc(-c2c([H])c([H])nc([H])c2[H])n1-c1c([H])c([H])c([H])c([H])c1[H])c1c([H])c([H])c(F)c([H])c1[H],372,0,O=C(CSc1nnc(-c2ccncc2)n1-c1ccccc1)NN=Cc1ccc(F)cc1
372,[H]N=c1c(Cl)c([H])c(N([H])C(=O)c2c([H])c(N([H])C(=O)c3c([H])c([H])c([H])c(C(F)(F)F)c3[H])c([H])c([H])c2Cl)c([H])n1[H],373,0,N=c1[nH]cc(NC(=O)c2cc(NC(=O)c3cccc(C(F)(F)F)c3)ccc2Cl)cc1Cl
373,[H]C(=C([H])c1c([H])c([H])c([H])c([H])c1[H])c1nc(N=c2c([H])c(C([H])([H])[H])n([H])n2[H])c([H])c(N2C([H])([H])C([H])([H])N(C([H])([H])[H])C([H])([H])C2([H])[H])n1,374,1,Cc1cc(=Nc2cc(N3CCN(C)CC3)nc(C=Cc3ccccc3)n2)[nH][nH]1
374,[H]c1c([H])c2c(c([H])c1N=c1n([H])c([H])c(C(F)(F)F)c(=NC3([H])C([H])([H])C([H])([H])C([H])([H])C3([H])N(C([H])([H])[H])C([H])([H])[H])n1[H])C([H])([H])N(C([H])([H])[H])S2(=O)=O,375,0,CN(C)C1CCCC1N=c1[nH]c(=Nc2ccc3c(c2)CN(C)S3(=O)=O)[nH]cc1C(F)(F)F
375,[H]Oc1c([H])c2c([H])c(N=c3n([H])c([H])c(C(F)(F)F)c(=NC4([H])C([H])([H])C([H])([H])C([H])([H])C4([H])N(C([H])([H])[H])C([H])([H])[H])n3[H])c([H])c([H])c2n1[H],376,0,CN(C)C1CCCC1N=c1[nH]c(=Nc2ccc3[nH]c(O)cc3c2)[nH]cc1C(F)(F)F
376,[H]Oc1c2c([H])c([H])c(N=c3n([H])c([H])c(C(F)(F)F)c(=NC([H])([H])c4c([H])c([H])c([H])c([H])c4N(C([H])([H])[H])S(=O)(=O)C([H])([H])[H])n3[H])c([H])c2c([H])n1[H],377,0,CN(c1ccccc1CN=c1[nH]c(=Nc2ccc3c(O)[nH]cc3c2)[nH]cc1C(F)(F)F)S(C)(=O)=O
377,[H]Oc1c([H])c2c([H])c(N=c3n([H])c([H])c(C(F)(F)F)c(=NC([H])([H])c4c([H])c([H])c([H])c(S(=O)(=O)C([H])([H])[H])c4[H])n3[H])c([H])c([H])c2n1[H],378,0,CS(=O)(=O)c1cccc(CN=c2[nH]c(=Nc3ccc4[nH]c(O)cc4c3)[nH]cc2C(F)(F)F)c1
378,[H]Oc1c([H])c2c([H])c(N=c3n([H])c([H])c(C(F)(F)F)c(=NC([H])([H])c4c([H])c([H])c([H])c([H])c4S(=O)(=O)C([H])([H])[H])n3[H])c([H])c([H])c2n1[H],379,0,CS(=O)(=O)c1ccccc1CN=c1[nH]c(=Nc2ccc3[nH]c(O)cc3c2)[nH]cc1C(F)(F)F
379,[H]c1c([H])c([H])c(C([H])([H])N=c2c(C(F)(F)F)c([H])n([H])c(=Nc3c([H])c([H])c(S(=O)(=O)C([H])([H])[H])c([H])c3[H])n2[H])c(N(C([H])([H])[H])S(=O)(=O)C([H])([H])[H])c1[H],380,0,CN(c1ccccc1CN=c1[nH]c(=Nc2ccc(S(C)(=O)=O)cc2)[nH]cc1C(F)(F)F)S(C)(=O)=O
380,[H]Oc1c([H])c2c([H])c(N=c3n([H])c([H])c(C(F)(F)F)c(=NC4([H])C(=O)N([H])C([H])([H])C([H])([H])C([H])([H])C4([H])[H])n3[H])c([H])c([H])c2n1[H],381,0,O=C1NCCCCC1N=c1[nH]c(=Nc2ccc3[nH]c(O)cc3c2)[nH]cc1C(F)(F)F
381,[H]Oc1c(-c2c([H])c(OC([H])([H])[H])c(OC([H])([H])[H])c(OC([H])([H])[H])c2[H])c(-c2c([H])n(C([H])([H])OC([H])(C([H])([H])[H])C([H])([H])[H])c3c([H])c([H])c([H])c([H])c23)c([H])n1[H],382,2,COc1cc(-c2c(-c3cn(COC(C)C)c4ccccc34)c[nH]c2O)cc(OC)c1OC
382,[H]Oc1c(-c2c([H])c(OC([H])([H])[H])c(OC([H])([H])[H])c(OC([H])([H])[H])c2[H])c(-c2c([H])n(C([H])([H])OC(C([H])([H])[H])(C([H])([H])[H])C([H])([H])[H])c3c([H])c([H])c([H])c([H])c23)c([H])n1[H],383,2,COc1cc(-c2c(-c3cn(COC(C)(C)C)c4ccccc34)c[nH]c2O)cc(OC)c1OC
383,[H]Oc1c(-c2c([H])c(OC([H])([H])[H])c(OC([H])([H])[H])c(OC([H])([H])[H])c2[H])c(-c2c([H])n(C([H])([H])Oc3c([H])c([H])c([H])c([H])c3[H])c3c([H])c([H])c([H])c([H])c23)c([H])n1[H],384,2,COc1cc(-c2c(-c3cn(COc4ccccc4)c4ccccc34)c[nH]c2O)cc(OC)c1OC
384,[H]N=C(SC([H])([H])C([H])([H])C([H])([H])n1c(=O)c2n3c([H])c([H])c4c([H])c([H])c([H])c(c43)c3c([H])c4c([H])c([H])c([H])c([H])c4n3c=2c1=O)N([H])[H],385,0,N=C(N)SCCCn1c(=O)c2c(c1=O)n1c3ccccc3cc1c1cccc3ccn2c31
385,[H]Oc1c([H])c([H])c(-c2oc3c([H])c(O[H])c([H])c(O[H])c3c(=O)c2O[H])c([H])c1O[H],386,2,O=c1c(O)c(-c2ccc(O)c(O)c2)oc2cc(O)cc(O)c12
386,[H]ON=C(C(=O)N([H])C([H])([H])C([H])([H])c1c([H])c([H])c(O[H])c(Br)c1[H])C([H])([H])c1c([H])c(Br)c(O[H])c(-c2c([H])c(C([H])([H])C(=NO[H])C(=O)N([H])C([H])([H])C([H])([H])c3c([H])c([H])c(O[H])c(Br)c3[H])c([H])c(Br)c2O[H])c1[H],387,0,O=C(NCCc1ccc(O)c(Br)c1)C(Cc1cc(Br)c(O)c(-c2cc(CC(=NO)C(=O)NCCc3ccc(O)c(Br)c3)cc(Br)c2O)c1)=NO
387,[H]Oc1c(-c2c([H])n(C([H])([H])[H])c3c([H])c([H])c([H])c([H])c23)c(-c2c([H])c(OC([H])([H])[H])c(OC([H])([H])[H])c(OC([H])([H])[H])c2[H])c([H])n1[H],388,2,COc1cc(-c2c[nH]c(O)c2-c2cn(C)c3ccccc23)cc(OC)c1OC
388,[H]c1c([H])c(S(=O)(=O)N([H])C([H])([H])[H])c([H])c([H])c1N=c1n([H])c([H])c(C(F)(F)F)c(=NC2([H])C([H])([H])C([H])([H])C([H])([H])C2([H])N(C([H])([H])[H])C([H])([H])[H])n1[H],389,0,CNS(=O)(=O)c1ccc(N=c2[nH]cc(C(F)(F)F)c(=NC3CCCC3N(C)C)[nH]2)cc1
389,[H]Oc1c([H])c2c([H])c(N=c3n([H])c([H])c(Cl)c(=NC([H])([H])c4nc([H])c([H])c([H])c4[H])n3[H])c([H])c([H])c2n1[H],390,1,Oc1cc2cc(N=c3[nH]cc(Cl)c(=NCc4ccccn4)[nH]3)ccc2[nH]1
390,[H]Oc1c([H])c2c([H])c(N=c3n([H])c([H])c(C(F)(F)F)c(=NC([H])([H])c4c([H])c([H])c([H])c(N(C([H])([H])[H])S(=O)(=O)C([H])([H])[H])c4[H])n3[H])c([H])c([H])c2n1[H],391,0,CN(c1cccc(CN=c2[nH]c(=Nc3ccc4[nH]c(O)cc4c3)[nH]cc2C(F)(F)F)c1)S(C)(=O)=O
391,[H]c1c([H])c(C([H])([H])N=c2c(C(F)(F)F)c([H])n([H])c(=Nc3c([H])c([H])c4c(c3[H])C([H])([H])C([H])([H])C(=O)N4[H])n2[H])c([H])c(S(=O)(=O)C([H])([H])[H])c1[H],392,0,CS(=O)(=O)c1cccc(CN=c2[nH]c(=Nc3ccc4c(c3)CCC(=O)N4)[nH]cc2C(F)(F)F)c1
392,[H]Oc1c([H])c([H])c(C([H])([H])[H])c(C([H])([H])C([H])([H])C2([H])C([H])(O[H])C([H])([H])C([H])([H])C3(C([H])([H])[H])C([H])(C([H])(C([H])([H])[H])C([H])([H])C([H])([H])C(=C([H])[H])C([H])(C([H])([H])[H])C([H])([H])[H])C([H])([H])C([H])([H])C23[H])c1[H],393,0,C=C(CCC(C)C1CCC2C(CCc3cc(O)ccc3C)C(O)CCC12C)C(C)C
393,[H]Oc1c([H])c([H])c(C([H])([H])[H])c(C([H])([H])C([H])([H])C2([H])C([H])(O[H])C([H])([H])C([H])([H])C3(C([H])([H])[H])C([H])(C([H])(C([H])([H])[H])C([H])([H])C([H])([H])C([H])([H])C([H])(C([H])([H])[H])C([H])([H])[H])C([H])([H])C([H])([H])C23[H])c1[H],394,0,Cc1ccc(O)cc1CCC1C(O)CCC2(C)C(C(C)CCCC(C)C)CCC12
394,[H]Oc1c([H])c([H])c(C([H])([H])[H])c(C([H])([H])C([H])([H])C2([H])C(=O)C([H])([H])C([H])([H])C3(C([H])([H])[H])C([H])(C([H])(C([H])=C([H])C([H])([H])C([H])(C([H])([H])[H])C([H])([H])[H])C([H])([H])[H])C([H])([H])C([H])([H])C23[H])c1[H],395,0,Cc1ccc(O)cc1CCC1C(=O)CCC2(C)C(C(C)C=CCC(C)C)CCC12
395,[H]c1c([H])c2c(c([H])c1N=c1n([H])c([H])c(C(F)(F)F)c(=NC3([H])C([H])([H])C([H])([H])C([H])([H])C3([H])N(C([H])([H])[H])C([H])([H])[H])n1[H])C([H])([H])C([H])([H])C([H])([H])N([H])C2=O,396,0,CN(C)C1CCCC1N=c1[nH]c(=Nc2ccc3c(c2)CCCNC3=O)[nH]cc1C(F)(F)F
396,[H]c1c([H])c(S(=O)(=O)C([H])([H])[H])c([H])c([H])c1N=c1n([H])c([H])c(C(F)(F)F)c(=NC2([H])C([H])([H])C([H])([H])C([H])([H])C2([H])N(C([H])([H])[H])C([H])([H])[H])n1[H],397,0,CN(C)C1CCCC1N=c1[nH]c(=Nc2ccc(S(C)(=O)=O)cc2)[nH]cc1C(F)(F)F
397,[H]Oc1c(-c2c([H])c(OC([H])([H])[H])c(OC([H])([H])[H])c(OC([H])([H])[H])c2[H])c(-c2c([H])n(C([H])([H])OC([H])([H])[H])c3c([H])c([H])c([H])c([H])c23)c([H])n1[H],398,2,COCn1cc(-c2c[nH]c(O)c2-c2cc(OC)c(OC)c(OC)c2)c2ccccc21
398,[H]c1nc(C([H])([H])N=c2c(C(F)(F)F)c([H])n([H])c(=Nc3c([H])c([H])c4c(c3[H])C([H])([H])C([H])([H])C(=O)N4[H])n2[H])c([H])c([H])c1[H],399,0,O=C1CCc2cc(N=c3[nH]cc(C(F)(F)F)c(=NCc4ccccn4)[nH]3)ccc2N1
399,[H]Oc1c(-c2c([H])c(OC([H])([H])[H])c(OC([H])([H])[H])c(OC([H])([H])[H])c2[H])c(-c2c([H])n(C([H])([H])OC([H])([H])C([H])([H])[H])c3c([H])c([H])c([H])c([H])c23)c([H])n1[H],400,2,CCOCn1cc(-c2c[nH]c(O)c2-c2cc(OC)c(OC)c(OC)c2)c2ccccc21
400,[H]Oc1c(-c2c([H])c(OC([H])([H])[H])c(OC([H])([H])[H])c(OC([H])([H])[H])c2[H])c(-c2c([H])n([H])c3c([H])c([H])c([H])c([H])c23)c([H])n1[H],401,2,COc1cc(-c2c(-c3c[nH]c4ccccc34)c[nH]c2O)cc(OC)c1OC
401,[H]Oc1c([H])c2c([H])c(N=c3n([H])c([H])c(C(F)(F)F)c(=NC([H])([H])c4c([H])c([H])c([H])c([H])c4S(=O)(=O)N4C([H])([H])C([H])([H])C([H])([H])C4([H])[H])n3[H])c([H])c([H])c2n1[H],402,0,O=S(=O)(c1ccccc1CN=c1[nH]c(=Nc2ccc3[nH]c(O)cc3c2)[nH]cc1C(F)(F)F)N1CCCC1
402,[H]Oc1c(C([H])([H])c2c(C([H])([H])[H])c(C(=O)N=C([H])C([H])([H])N(C([H])([H])C([H])([H])[H])C([H])([H])C([H])([H])[H])c(C([H])([H])[H])n2[H])c2c([H])c(F)c([H])c([H])c2n1[H],403,0,CCN(CC)CC=NC(=O)c1c(C)[nH]c(Cc2c(O)[nH]c3ccc(F)cc23)c1C
403,[H]OC([H])(c1c([H])c([H])c([H])c([H])c1Cl)C([H])([H])N([H])c1c([H])c([H])n([H])c(=O)c1-c1nc2c(C([H])([H])[H])c([H])c(N3C([H])([H])C([H])([H])N(C([H])([H])C([H])([H])C#N)C([H])([H])C3([H])[H])c([H])c2n1[H],404,0,Cc1cc(N2CCN(CCC#N)CC2)cc2[nH]c(-c3c(NCC(O)c4ccccc4Cl)cc[nH]c3=O)nc12
404,[H]c1c([H])c([H])c2c(C3=C(c4c([H])n([H])c5c([H])c([H])c([H])c([H])c45)C(=O)N([H])C3=O)nc(N3C([H])([H])C([H])([H])N(C([H])([H])[H])C([H])([H])C3([H])[H])nc2c1[H],405,0,CN1CCN(c2nc(C3=C(c4c[nH]c5ccccc45)C(=O)NC3=O)c3ccccc3n2)CC1
405,[H]c1nc2c([H])c(OC([H])([H])[H])c(OC([H])([H])[H])c([H])c2c(Oc2c([H])c([H])c(=NC(=O)c3c(N([H])C([H])([H])C([H])([H])OC([H])([H])[H])c([H])c([H])n(-c4c([H])c([H])c([H])c([H])c4[H])c3=O)n([H])c2[H])c1[H],406,0,COCCNc1ccn(-c2ccccc2)c(=O)c1C(=O)N=c1ccc(Oc2ccnc3cc(OC)c(OC)cc23)c[nH]1
406,[H]c1nc2c([H])c(OC([H])([H])[H])c(OC([H])([H])[H])c([H])c2c(Oc2c([H])c([H])c(=NC(=O)c3c([H])c(C([H])([H])c4c([H])c([H])c([H])c([H])c4[H])c([H])n(-c4c([H])c([H])c([H])c([H])c4[H])c3=O)n([H])c2[H])c1[H],407,0,COc1cc2nccc(Oc3ccc(=NC(=O)c4cc(Cc5ccccc5)cn(-c5ccccc5)c4=O)[nH]c3)c2cc1OC
407,[H]c1nc2c([H])c(OC([H])([H])[H])c(OC([H])([H])[H])c([H])c2c(Oc2c([H])c([H])c(=NC(=O)c3c(N([H])c4c([H])c([H])c([H])c([H])c4[H])c([H])c([H])n(-c4c([H])c([H])c([H])c([H])c4[H])c3=O)n([H])c2[H])c1[H],408,0,COc1cc2nccc(Oc3ccc(=NC(=O)c4c(Nc5ccccc5)ccn(-c5ccccc5)c4=O)[nH]c3)c2cc1OC
408,[H]c1nc2c([H])c(OC([H])([H])[H])c(OC([H])([H])[H])c([H])c2c(Oc2c([H])c([H])c(=NC(=O)c3c(N([H])C4([H])C([H])([H])C([H])([H])OC([H])([H])C4([H])[H])c([H])c([H])n(-c4c([H])c([H])c([H])c([H])c4[H])c3=O)n([H])c2[H])c1[H],409,0,COc1cc2nccc(Oc3ccc(=NC(=O)c4c(NC5CCOCC5)ccn(-c5ccccc5)c4=O)[nH]c3)c2cc1OC
409,[H]c1nc2c([H])c(OC([H])([H])[H])c(OC([H])([H])[H])c([H])c2c(Oc2c([H])c([H])c(=NC(=O)c3c(N([H])C([H])([H])[H])c([H])c([H])n(-c4c([H])c([H])c([H])c([H])c4[H])c3=O)n([H])c2[H])c1[H],410,0,CNc1ccn(-c2ccccc2)c(=O)c1C(=O)N=c1ccc(Oc2ccnc3cc(OC)c(OC)cc23)c[nH]1
410,[H]c1c2c(nc(=NC3([H])C([H])([H])C([H])([H])N(C(=O)C4([H])C([H])([H])C([H])([H])N(S(=O)(=O)C([H])([H])[H])C([H])([H])C4([H])[H])C([H])([H])C3([H])[H])n1[H])-c1c(c(C(=O)N([H])C([H])([H])[H])nn1C([H])([H])[H])C([H])([H])C2([H])[H],411,0,CNC(=O)c1nn(C)c2c1CCc1c[nH]c(=NC3CCN(C(=O)C4CCN(S(C)(=O)=O)CC4)CC3)nc1-2
411,[H]c1c2c(nc(=NC3([H])C([H])([H])C([H])([H])N(C(=O)C([H])([H])[H])C([H])([H])C3([H])[H])n1[H])-c1c(c(C(=O)N([H])[H])nn1C([H])([H])[H])C([H])([H])C2([H])[H],412,0,CC(=O)N1CCC(N=c2nc3c(c[nH]2)CCc2c(C(N)=O)nn(C)c2-3)CC1
412,[H]c1nc(=NC2([H])C([H])([H])C([H])([H])N(C(=O)c3c([H])c([H])c([H])c([H])c3[H])C([H])([H])C2([H])[H])n([H])c2c1C([H])([H])C([H])([H])c1c(C(=O)N([H])[H])nn(C([H])([H])[H])c1-2,413,0,Cn1nc(C(N)=O)c2c1-c1[nH]c(=NC3CCN(C(=O)c4ccccc4)CC3)ncc1CC2
413,[H]Oc1c([H])c(N([H])C2=NC([H])([H])c3c([H])c(=O)nc4c([H])c([H])c([H])c([H])c4c3N2[H])c([H])c([H])c1OC([H])([H])[H],414,0,COc1ccc(NC2=NCc3cc(=O)nc4ccccc4c3N2)cc1O
414,[H]c1c([H])c(C(=O)N([H])c2c([H])c([H])c3c(c2[H])C([H])([H])N([H])C([H])([H])C3([H])[H])c([H])c(C([H])([H])N([H])C(=O)c2c([H])c([H])c(OC([H])([H])[H])c(OC([H])([H])[H])c2[H])c1[H],415,0,COc1ccc(C(=O)NCc2cccc(C(=O)Nc3ccc4c(c3)CNCC4)c2)cc1OC
415,[H]Oc1c([H])c2c(O[H])oc3c(=O)c(O[H])c([H])c4c(O[H])oc(c1=O)c2c43,416,2,O=c1c(O)cc2c(O)oc3c(=O)c(O)cc4c(O)oc1c2c43
